sku,category,unit_cost,lead_time_weeks,lead_time_std_weeks,order_cost,holding_cost_rate,on_hand_units
SKU-001,Routers,39.62,6,0.97,75.0,0.22,726
SKU-002,Antennas,101.71,6,1.36,75.0,0.22,111
SKU-003,Cables,170.5,5,0.75,75.0,0.22,607
SKU-004,Batteries,105.73,5,1.2,75.0,0.22,330
SKU-005,SIM Kits,153.65,4,0.67,75.0,0.22,1337
SKU-006,Routers,164.0,8,1.65,75.0,0.22,426
SKU-007,Antennas,178.55,2,0.2,75.0,0.22,246
SKU-008,Cables,99.46,8,1.06,75.0,0.22,1526
SKU-009,Batteries,81.45,6,0.75,75.0,0.22,135
SKU-010,SIM Kits,158.72,1,0.12,75.0,0.22,414
SKU-011,Routers,170.96,1,0.22,75.0,0.22,995
SKU-012,Antennas,118.69,4,1.1,75.0,0.22,362
SKU-013,Cables,87.7,5,0.56,75.0,0.22,359
SKU-014,Batteries,28.65,6,1.41,75.0,0.22,665
SKU-015,SIM Kits,57.03,3,0.76,75.0,0.22,157
SKU-016,Routers,86.42,1,0.29,75.0,0.22,1104
SKU-017,Antennas,76.85,1,0.14,75.0,0.22,969
SKU-018,Cables,61.01,1,0.2,75.0,0.22,520
SKU-019,Batteries,92.44,3,0.55,75.0,0.22,553
SKU-020,SIM Kits,127.86,5,0.7,75.0,0.22,176
SKU-021,Routers,178.46,3,0.45,75.0,0.22,245
SKU-022,Antennas,77.88,7,0.87,75.0,0.22,707
SKU-023,Cables,54.79,2,0.3,75.0,0.22,55
SKU-024,Batteries,138.61,5,0.86,75.0,0.22,2664
SKU-025,SIM Kits,120.31,1,0.19,75.0,0.22,178
SKU-026,Routers,118.54,3,0.38,75.0,0.22,489
SKU-027,Antennas,83.84,6,1.26,75.0,0.22,826
SKU-028,Cables,165.34,1,0.23,75.0,0.22,129
SKU-029,Batteries,21.91,1,0.12,75.0,0.22,189
SKU-030,SIM Kits,148.6,7,1.49,75.0,0.22,675
SKU-031,Routers,88.49,3,0.9,75.0,0.22,17
SKU-032,Antennas,163.87,3,0.83,75.0,0.22,114
SKU-033,Cables,90.47,2,0.48,75.0,0.22,50
SKU-034,Batteries,29.07,7,1.63,75.0,0.22,466
SKU-035,SIM Kits,98.76,3,0.41,75.0,0.22,639
SKU-036,Routers,59.97,3,0.59,75.0,0.22,671
SKU-037,Antennas,132.89,8,2.04,75.0,0.22,284
SKU-038,Cables,150.49,5,0.68,75.0,0.22,212
SKU-039,Batteries,174.61,6,0.81,75.0,0.22,176
SKU-040,SIM Kits,148.56,2,0.23,75.0,0.22,346
