week,sku,units
2024-07-01,SKU-001,81
2024-07-08,SKU-001,93
2024-07-15,SKU-001,90
2024-07-22,SKU-001,93
2024-07-29,SKU-001,86
2024-08-05,SKU-001,99
2024-08-12,SKU-001,98
2024-08-19,SKU-001,91
2024-08-26,SKU-001,98
2024-09-02,SKU-001,92
2024-09-09,SKU-001,81
2024-09-16,SKU-001,87
2024-09-23,SKU-001,76
2024-09-30,SKU-001,86
2024-10-07,SKU-001,77
2024-10-14,SKU-001,74
2024-10-21,SKU-001,69
2024-10-28,SKU-001,77
2024-11-04,SKU-001,66
2024-11-11,SKU-001,62
2024-11-18,SKU-001,60
2024-11-25,SKU-001,62
2024-12-02,SKU-001,59
2024-12-09,SKU-001,57
2024-12-16,SKU-001,55
2024-12-23,SKU-001,61
2024-12-30,SKU-001,49
2025-01-06,SKU-001,47
2025-01-13,SKU-001,45
2025-01-20,SKU-001,50
2025-01-27,SKU-001,52
2025-02-03,SKU-001,47
2025-02-10,SKU-001,45
2025-02-17,SKU-001,46
2025-02-24,SKU-001,52
2025-03-03,SKU-001,54
2025-03-10,SKU-001,55
2025-03-17,SKU-001,51
2025-03-24,SKU-001,57
2025-03-31,SKU-001,59
2025-04-07,SKU-001,61
2025-04-14,SKU-001,67
2025-04-21,SKU-001,66
2025-04-28,SKU-001,71
2025-05-05,SKU-001,70
2025-05-12,SKU-001,73
2025-05-19,SKU-001,77
2025-05-26,SKU-001,67
2025-06-02,SKU-001,76
2025-06-09,SKU-001,76
2025-06-16,SKU-001,77
2025-06-23,SKU-001,81
2025-06-30,SKU-001,93
2025-07-07,SKU-001,78
2025-07-14,SKU-001,91
2025-07-21,SKU-001,74
2025-07-28,SKU-001,83
2025-08-04,SKU-001,86
2025-08-11,SKU-001,88
2025-08-18,SKU-001,88
2025-08-25,SKU-001,88
2025-09-01,SKU-001,79
2025-09-08,SKU-001,76
2025-09-15,SKU-001,83
2025-09-22,SKU-001,74
2025-09-29,SKU-001,66
2025-10-06,SKU-001,65
2025-10-13,SKU-001,64
2025-10-20,SKU-001,69
2025-10-27,SKU-001,65
2025-11-03,SKU-001,65
2025-11-10,SKU-001,57
2025-11-17,SKU-001,58
2025-11-24,SKU-001,57
2025-12-01,SKU-001,51
2025-12-08,SKU-001,53
2025-12-15,SKU-001,46
2025-12-22,SKU-001,46
2025-12-29,SKU-001,45
2026-01-05,SKU-001,41
2026-01-12,SKU-001,46
2026-01-19,SKU-001,42
2026-01-26,SKU-001,44
2026-02-02,SKU-001,45
2026-02-09,SKU-001,46
2026-02-16,SKU-001,47
2026-02-23,SKU-001,45
2026-03-02,SKU-001,45
2026-03-09,SKU-001,48
2026-03-16,SKU-001,43
2026-03-23,SKU-001,45
2026-03-30,SKU-001,47
2026-04-06,SKU-001,50
2026-04-13,SKU-001,59
2026-04-20,SKU-001,55
2026-04-27,SKU-001,59
2026-05-04,SKU-001,70
2026-05-11,SKU-001,63
2026-05-18,SKU-001,71
2026-05-25,SKU-001,64
2026-06-01,SKU-001,70
2026-06-08,SKU-001,67
2026-06-15,SKU-001,72
2026-06-22,SKU-001,80
2024-07-01,SKU-002,24
2024-07-08,SKU-002,31
2024-07-15,SKU-002,23
2024-07-22,SKU-002,19
2024-07-29,SKU-002,26
2024-08-05,SKU-002,26
2024-08-12,SKU-002,33
2024-08-19,SKU-002,31
2024-08-26,SKU-002,29
2024-09-02,SKU-002,37
2024-09-09,SKU-002,22
2024-09-16,SKU-002,26
2024-09-23,SKU-002,25
2024-09-30,SKU-002,29
2024-10-07,SKU-002,24
2024-10-14,SKU-002,38
2024-10-21,SKU-002,33
2024-10-28,SKU-002,25
2024-11-04,SKU-002,29
2024-11-11,SKU-002,39
2024-11-18,SKU-002,43
2024-11-25,SKU-002,53
2024-12-02,SKU-002,60
2024-12-09,SKU-002,41
2024-12-16,SKU-002,31
2024-12-23,SKU-002,22
2024-12-30,SKU-002,40
2025-01-06,SKU-002,32
2025-01-13,SKU-002,34
2025-01-20,SKU-002,32
2025-01-27,SKU-002,35
2025-02-03,SKU-002,43
2025-02-10,SKU-002,36
2025-02-17,SKU-002,33
2025-02-24,SKU-002,26
2025-03-03,SKU-002,21
2025-03-10,SKU-002,28
2025-03-17,SKU-002,30
2025-03-24,SKU-002,39
2025-03-31,SKU-002,29
2025-04-07,SKU-002,32
2025-04-14,SKU-002,24
2025-04-21,SKU-002,19
2025-04-28,SKU-002,20
2025-05-05,SKU-002,20
2025-05-12,SKU-002,33
2025-05-19,SKU-002,19
2025-05-26,SKU-002,25
2025-06-02,SKU-002,17
2025-06-09,SKU-002,25
2025-06-16,SKU-002,22
2025-06-23,SKU-002,20
2025-06-30,SKU-002,20
2025-07-07,SKU-002,18
2025-07-14,SKU-002,23
2025-07-21,SKU-002,19
2025-07-28,SKU-002,16
2025-08-04,SKU-002,16
2025-08-11,SKU-002,23
2025-08-18,SKU-002,31
2025-08-25,SKU-002,25
2025-09-01,SKU-002,24
2025-09-08,SKU-002,27
2025-09-15,SKU-002,33
2025-09-22,SKU-002,28
2025-09-29,SKU-002,26
2025-10-06,SKU-002,35
2025-10-13,SKU-002,32
2025-10-20,SKU-002,39
2025-10-27,SKU-002,32
2025-11-03,SKU-002,24
2025-11-10,SKU-002,23
2025-11-17,SKU-002,43
2025-11-24,SKU-002,44
2025-12-01,SKU-002,32
2025-12-08,SKU-002,30
2025-12-15,SKU-002,43
2025-12-22,SKU-002,26
2025-12-29,SKU-002,27
2026-01-05,SKU-002,37
2026-01-12,SKU-002,30
2026-01-19,SKU-002,32
2026-01-26,SKU-002,30
2026-02-02,SKU-002,33
2026-02-09,SKU-002,39
2026-02-16,SKU-002,30
2026-02-23,SKU-002,32
2026-03-02,SKU-002,16
2026-03-09,SKU-002,27
2026-03-16,SKU-002,22
2026-03-23,SKU-002,19
2026-03-30,SKU-002,20
2026-04-06,SKU-002,22
2026-04-13,SKU-002,27
2026-04-20,SKU-002,16
2026-04-27,SKU-002,21
2026-05-04,SKU-002,18
2026-05-11,SKU-002,18
2026-05-18,SKU-002,23
2026-05-25,SKU-002,21
2026-06-01,SKU-002,23
2026-06-08,SKU-002,17
2026-06-15,SKU-002,15
2026-06-22,SKU-002,17
2024-07-01,SKU-003,61
2024-07-08,SKU-003,25
2024-07-15,SKU-003,55
2024-07-22,SKU-003,87
2024-07-29,SKU-003,119
2024-08-05,SKU-003,53
2024-08-12,SKU-003,56
2024-08-19,SKU-003,3
2024-08-26,SKU-003,74
2024-09-02,SKU-003,42
2024-09-09,SKU-003,61
2024-09-16,SKU-003,48
2024-09-23,SKU-003,75
2024-09-30,SKU-003,16
2024-10-07,SKU-003,26
2024-10-14,SKU-003,144
2024-10-21,SKU-003,30
2024-10-28,SKU-003,35
2024-11-04,SKU-003,123
2024-11-11,SKU-003,150
2024-11-18,SKU-003,30
2024-11-25,SKU-003,50
2024-12-02,SKU-003,67
2024-12-09,SKU-003,99
2024-12-16,SKU-003,30
2024-12-23,SKU-003,45
2024-12-30,SKU-003,66
2025-01-06,SKU-003,56
2025-01-13,SKU-003,38
2025-01-20,SKU-003,41
2025-01-27,SKU-003,16
2025-02-03,SKU-003,37
2025-02-10,SKU-003,36
2025-02-17,SKU-003,45
2025-02-24,SKU-003,30
2025-03-03,SKU-003,49
2025-03-10,SKU-003,60
2025-03-17,SKU-003,45
2025-03-24,SKU-003,50
2025-03-31,SKU-003,45
2025-04-07,SKU-003,46
2025-04-14,SKU-003,32
2025-04-21,SKU-003,57
2025-04-28,SKU-003,50
2025-05-05,SKU-003,105
2025-05-12,SKU-003,97
2025-05-19,SKU-003,70
2025-05-26,SKU-003,41
2025-06-02,SKU-003,32
2025-06-09,SKU-003,103
2025-06-16,SKU-003,78
2025-06-23,SKU-003,87
2025-06-30,SKU-003,16
2025-07-07,SKU-003,108
2025-07-14,SKU-003,94
2025-07-21,SKU-003,40
2025-07-28,SKU-003,64
2025-08-04,SKU-003,92
2025-08-11,SKU-003,85
2025-08-18,SKU-003,73
2025-08-25,SKU-003,80
2025-09-01,SKU-003,74
2025-09-08,SKU-003,89
2025-09-15,SKU-003,137
2025-09-22,SKU-003,0
2025-09-29,SKU-003,72
2025-10-06,SKU-003,85
2025-10-13,SKU-003,87
2025-10-20,SKU-003,63
2025-10-27,SKU-003,15
2025-11-03,SKU-003,81
2025-11-10,SKU-003,122
2025-11-17,SKU-003,20
2025-11-24,SKU-003,88
2025-12-01,SKU-003,52
2025-12-08,SKU-003,57
2025-12-15,SKU-003,29
2025-12-22,SKU-003,46
2025-12-29,SKU-003,82
2026-01-05,SKU-003,62
2026-01-12,SKU-003,85
2026-01-19,SKU-003,70
2026-01-26,SKU-003,54
2026-02-02,SKU-003,78
2026-02-09,SKU-003,51
2026-02-16,SKU-003,58
2026-02-23,SKU-003,37
2026-03-02,SKU-003,44
2026-03-09,SKU-003,30
2026-03-16,SKU-003,64
2026-03-23,SKU-003,21
2026-03-30,SKU-003,63
2026-04-06,SKU-003,44
2026-04-13,SKU-003,76
2026-04-20,SKU-003,70
2026-04-27,SKU-003,99
2026-05-04,SKU-003,76
2026-05-11,SKU-003,17
2026-05-18,SKU-003,60
2026-05-25,SKU-003,31
2026-06-01,SKU-003,52
2026-06-08,SKU-003,118
2026-06-15,SKU-003,94
2026-06-22,SKU-003,52
2024-07-01,SKU-004,38
2024-07-08,SKU-004,36
2024-07-15,SKU-004,39
2024-07-22,SKU-004,47
2024-07-29,SKU-004,21
2024-08-05,SKU-004,31
2024-08-12,SKU-004,39
2024-08-19,SKU-004,23
2024-08-26,SKU-004,43
2024-09-02,SKU-004,35
2024-09-09,SKU-004,38
2024-09-16,SKU-004,28
2024-09-23,SKU-004,36
2024-09-30,SKU-004,37
2024-10-07,SKU-004,31
2024-10-14,SKU-004,30
2024-10-21,SKU-004,30
2024-10-28,SKU-004,23
2024-11-04,SKU-004,26
2024-11-11,SKU-004,26
2024-11-18,SKU-004,28
2024-11-25,SKU-004,31
2024-12-02,SKU-004,20
2024-12-09,SKU-004,24
2024-12-16,SKU-004,32
2024-12-23,SKU-004,21
2024-12-30,SKU-004,21
2025-01-06,SKU-004,26
2025-01-13,SKU-004,29
2025-01-20,SKU-004,25
2025-01-27,SKU-004,32
2025-02-03,SKU-004,30
2025-02-10,SKU-004,31
2025-02-17,SKU-004,30
2025-02-24,SKU-004,40
2025-03-03,SKU-004,27
2025-03-10,SKU-004,17
2025-03-17,SKU-004,39
2025-03-24,SKU-004,28
2025-03-31,SKU-004,32
2025-04-07,SKU-004,40
2025-04-14,SKU-004,22
2025-04-21,SKU-004,25
2025-04-28,SKU-004,23
2025-05-05,SKU-004,29
2025-05-12,SKU-004,39
2025-05-19,SKU-004,40
2025-05-26,SKU-004,39
2025-06-02,SKU-004,27
2025-06-09,SKU-004,20
2025-06-16,SKU-004,38
2025-06-23,SKU-004,34
2025-06-30,SKU-004,41
2025-07-07,SKU-004,43
2025-07-14,SKU-004,39
2025-07-21,SKU-004,43
2025-07-28,SKU-004,39
2025-08-04,SKU-004,41
2025-08-11,SKU-004,31
2025-08-18,SKU-004,35
2025-08-25,SKU-004,37
2025-09-01,SKU-004,41
2025-09-08,SKU-004,31
2025-09-15,SKU-004,37
2025-09-22,SKU-004,31
2025-09-29,SKU-004,31
2025-10-06,SKU-004,36
2025-10-13,SKU-004,18
2025-10-20,SKU-004,22
2025-10-27,SKU-004,21
2025-11-03,SKU-004,15
2025-11-10,SKU-004,24
2025-11-17,SKU-004,32
2025-11-24,SKU-004,25
2025-12-01,SKU-004,28
2025-12-08,SKU-004,32
2025-12-15,SKU-004,33
2025-12-22,SKU-004,26
2025-12-29,SKU-004,33
2026-01-05,SKU-004,27
2026-01-12,SKU-004,22
2026-01-19,SKU-004,23
2026-01-26,SKU-004,19
2026-02-02,SKU-004,22
2026-02-09,SKU-004,26
2026-02-16,SKU-004,33
2026-02-23,SKU-004,39
2026-03-02,SKU-004,22
2026-03-09,SKU-004,33
2026-03-16,SKU-004,25
2026-03-23,SKU-004,35
2026-03-30,SKU-004,32
2026-04-06,SKU-004,21
2026-04-13,SKU-004,41
2026-04-20,SKU-004,31
2026-04-27,SKU-004,32
2026-05-04,SKU-004,29
2026-05-11,SKU-004,33
2026-05-18,SKU-004,41
2026-05-25,SKU-004,37
2026-06-01,SKU-004,42
2026-06-08,SKU-004,42
2026-06-15,SKU-004,50
2026-06-22,SKU-004,37
2024-07-01,SKU-005,193
2024-07-08,SKU-005,136
2024-07-15,SKU-005,136
2024-07-22,SKU-005,157
2024-07-29,SKU-005,106
2024-08-05,SKU-005,135
2024-08-12,SKU-005,124
2024-08-19,SKU-005,132
2024-08-26,SKU-005,103
2024-09-02,SKU-005,84
2024-09-09,SKU-005,73
2024-09-16,SKU-005,97
2024-09-23,SKU-005,114
2024-09-30,SKU-005,120
2024-10-07,SKU-005,179
2024-10-14,SKU-005,161
2024-10-21,SKU-005,108
2024-10-28,SKU-005,146
2024-11-04,SKU-005,128
2024-11-11,SKU-005,135
2024-11-18,SKU-005,152
2024-11-25,SKU-005,168
2024-12-02,SKU-005,143
2024-12-09,SKU-005,190
2024-12-16,SKU-005,123
2024-12-23,SKU-005,163
2024-12-30,SKU-005,253
2025-01-06,SKU-005,177
2025-01-13,SKU-005,222
2025-01-20,SKU-005,178
2025-01-27,SKU-005,198
2025-02-03,SKU-005,177
2025-02-10,SKU-005,175
2025-02-17,SKU-005,154
2025-02-24,SKU-005,198
2025-03-03,SKU-005,152
2025-03-10,SKU-005,208
2025-03-17,SKU-005,222
2025-03-24,SKU-005,195
2025-03-31,SKU-005,170
2025-04-07,SKU-005,196
2025-04-14,SKU-005,167
2025-04-21,SKU-005,208
2025-04-28,SKU-005,110
2025-05-05,SKU-005,159
2025-05-12,SKU-005,101
2025-05-19,SKU-005,115
2025-05-26,SKU-005,205
2025-06-02,SKU-005,186
2025-06-09,SKU-005,132
2025-06-16,SKU-005,106
2025-06-23,SKU-005,60
2025-06-30,SKU-005,130
2025-07-07,SKU-005,212
2025-07-14,SKU-005,152
2025-07-21,SKU-005,123
2025-07-28,SKU-005,149
2025-08-04,SKU-005,92
2025-08-11,SKU-005,125
2025-08-18,SKU-005,135
2025-08-25,SKU-005,130
2025-09-01,SKU-005,153
2025-09-08,SKU-005,141
2025-09-15,SKU-005,151
2025-09-22,SKU-005,116
2025-09-29,SKU-005,160
2025-10-06,SKU-005,183
2025-10-13,SKU-005,113
2025-10-20,SKU-005,117
2025-10-27,SKU-005,184
2025-11-03,SKU-005,143
2025-11-10,SKU-005,195
2025-11-17,SKU-005,142
2025-11-24,SKU-005,205
2025-12-01,SKU-005,167
2025-12-08,SKU-005,175
2025-12-15,SKU-005,223
2025-12-22,SKU-005,161
2025-12-29,SKU-005,144
2026-01-05,SKU-005,164
2026-01-12,SKU-005,200
2026-01-19,SKU-005,128
2026-01-26,SKU-005,212
2026-02-02,SKU-005,170
2026-02-09,SKU-005,236
2026-02-16,SKU-005,101
2026-02-23,SKU-005,164
2026-03-02,SKU-005,129
2026-03-09,SKU-005,163
2026-03-16,SKU-005,204
2026-03-23,SKU-005,187
2026-03-30,SKU-005,182
2026-04-06,SKU-005,185
2026-04-13,SKU-005,196
2026-04-20,SKU-005,149
2026-04-27,SKU-005,210
2026-05-04,SKU-005,205
2026-05-11,SKU-005,191
2026-05-18,SKU-005,194
2026-05-25,SKU-005,181
2026-06-01,SKU-005,236
2026-06-08,SKU-005,161
2026-06-15,SKU-005,151
2026-06-22,SKU-005,134
2024-07-01,SKU-006,33
2024-07-08,SKU-006,46
2024-07-15,SKU-006,45
2024-07-22,SKU-006,37
2024-07-29,SKU-006,33
2024-08-05,SKU-006,42
2024-08-12,SKU-006,39
2024-08-19,SKU-006,26
2024-08-26,SKU-006,36
2024-09-02,SKU-006,38
2024-09-09,SKU-006,29
2024-09-16,SKU-006,36
2024-09-23,SKU-006,24
2024-09-30,SKU-006,42
2024-10-07,SKU-006,41
2024-10-14,SKU-006,30
2024-10-21,SKU-006,34
2024-10-28,SKU-006,16
2024-11-04,SKU-006,23
2024-11-11,SKU-006,28
2024-11-18,SKU-006,23
2024-11-25,SKU-006,34
2024-12-02,SKU-006,41
2024-12-09,SKU-006,22
2024-12-16,SKU-006,24
2024-12-23,SKU-006,30
2024-12-30,SKU-006,38
2025-01-06,SKU-006,22
2025-01-13,SKU-006,30
2025-01-20,SKU-006,40
2025-01-27,SKU-006,20
2025-02-03,SKU-006,22
2025-02-10,SKU-006,27
2025-02-17,SKU-006,27
2025-02-24,SKU-006,36
2025-03-03,SKU-006,33
2025-03-10,SKU-006,20
2025-03-17,SKU-006,36
2025-03-24,SKU-006,29
2025-03-31,SKU-006,42
2025-04-07,SKU-006,29
2025-04-14,SKU-006,30
2025-04-21,SKU-006,38
2025-04-28,SKU-006,40
2025-05-05,SKU-006,39
2025-05-12,SKU-006,24
2025-05-19,SKU-006,40
2025-05-26,SKU-006,29
2025-06-02,SKU-006,38
2025-06-09,SKU-006,26
2025-06-16,SKU-006,40
2025-06-23,SKU-006,31
2025-06-30,SKU-006,27
2025-07-07,SKU-006,42
2025-07-14,SKU-006,38
2025-07-21,SKU-006,32
2025-07-28,SKU-006,46
2025-08-04,SKU-006,32
2025-08-11,SKU-006,35
2025-08-18,SKU-006,36
2025-08-25,SKU-006,30
2025-09-01,SKU-006,36
2025-09-08,SKU-006,29
2025-09-15,SKU-006,30
2025-09-22,SKU-006,40
2025-09-29,SKU-006,25
2025-10-06,SKU-006,16
2025-10-13,SKU-006,40
2025-10-20,SKU-006,44
2025-10-27,SKU-006,27
2025-11-03,SKU-006,17
2025-11-10,SKU-006,26
2025-11-17,SKU-006,26
2025-11-24,SKU-006,26
2025-12-01,SKU-006,21
2025-12-08,SKU-006,30
2025-12-15,SKU-006,30
2025-12-22,SKU-006,19
2025-12-29,SKU-006,30
2026-01-05,SKU-006,38
2026-01-12,SKU-006,28
2026-01-19,SKU-006,25
2026-01-26,SKU-006,26
2026-02-02,SKU-006,31
2026-02-09,SKU-006,18
2026-02-16,SKU-006,29
2026-02-23,SKU-006,26
2026-03-02,SKU-006,40
2026-03-09,SKU-006,28
2026-03-16,SKU-006,40
2026-03-23,SKU-006,24
2026-03-30,SKU-006,35
2026-04-06,SKU-006,33
2026-04-13,SKU-006,26
2026-04-20,SKU-006,33
2026-04-27,SKU-006,41
2026-05-04,SKU-006,31
2026-05-11,SKU-006,22
2026-05-18,SKU-006,33
2026-05-25,SKU-006,28
2026-06-01,SKU-006,32
2026-06-08,SKU-006,33
2026-06-15,SKU-006,22
2026-06-22,SKU-006,23
2024-07-01,SKU-007,121
2024-07-08,SKU-007,138
2024-07-15,SKU-007,119
2024-07-22,SKU-007,117
2024-07-29,SKU-007,111
2024-08-05,SKU-007,118
2024-08-12,SKU-007,115
2024-08-19,SKU-007,120
2024-08-26,SKU-007,103
2024-09-02,SKU-007,103
2024-09-09,SKU-007,101
2024-09-16,SKU-007,111
2024-09-23,SKU-007,116
2024-09-30,SKU-007,99
2024-10-07,SKU-007,98
2024-10-14,SKU-007,104
2024-10-21,SKU-007,99
2024-10-28,SKU-007,109
2024-11-04,SKU-007,83
2024-11-11,SKU-007,94
2024-11-18,SKU-007,95
2024-11-25,SKU-007,83
2024-12-02,SKU-007,95
2024-12-09,SKU-007,96
2024-12-16,SKU-007,103
2024-12-23,SKU-007,115
2024-12-30,SKU-007,105
2025-01-06,SKU-007,99
2025-01-13,SKU-007,109
2025-01-20,SKU-007,120
2025-01-27,SKU-007,104
2025-02-03,SKU-007,106
2025-02-10,SKU-007,121
2025-02-17,SKU-007,115
2025-02-24,SKU-007,125
2025-03-03,SKU-007,120
2025-03-10,SKU-007,128
2025-03-17,SKU-007,113
2025-03-24,SKU-007,124
2025-03-31,SKU-007,123
2025-04-07,SKU-007,114
2025-04-14,SKU-007,111
2025-04-21,SKU-007,134
2025-04-28,SKU-007,124
2025-05-05,SKU-007,117
2025-05-12,SKU-007,127
2025-05-19,SKU-007,139
2025-05-26,SKU-007,104
2025-06-02,SKU-007,112
2025-06-09,SKU-007,117
2025-06-16,SKU-007,140
2025-06-23,SKU-007,127
2025-06-30,SKU-007,131
2025-07-07,SKU-007,111
2025-07-14,SKU-007,110
2025-07-21,SKU-007,124
2025-07-28,SKU-007,119
2025-08-04,SKU-007,122
2025-08-11,SKU-007,114
2025-08-18,SKU-007,117
2025-08-25,SKU-007,115
2025-09-01,SKU-007,119
2025-09-08,SKU-007,118
2025-09-15,SKU-007,96
2025-09-22,SKU-007,89
2025-09-29,SKU-007,117
2025-10-06,SKU-007,117
2025-10-13,SKU-007,98
2025-10-20,SKU-007,91
2025-10-27,SKU-007,107
2025-11-03,SKU-007,114
2025-11-10,SKU-007,122
2025-11-17,SKU-007,111
2025-11-24,SKU-007,104
2025-12-01,SKU-007,100
2025-12-08,SKU-007,109
2025-12-15,SKU-007,107
2025-12-22,SKU-007,102
2025-12-29,SKU-007,131
2026-01-05,SKU-007,130
2026-01-12,SKU-007,126
2026-01-19,SKU-007,108
2026-01-26,SKU-007,127
2026-02-02,SKU-007,126
2026-02-09,SKU-007,126
2026-02-16,SKU-007,136
2026-02-23,SKU-007,131
2026-03-02,SKU-007,134
2026-03-09,SKU-007,135
2026-03-16,SKU-007,133
2026-03-23,SKU-007,112
2026-03-30,SKU-007,132
2026-04-06,SKU-007,127
2026-04-13,SKU-007,120
2026-04-20,SKU-007,152
2026-04-27,SKU-007,153
2026-05-04,SKU-007,149
2026-05-11,SKU-007,137
2026-05-18,SKU-007,149
2026-05-25,SKU-007,134
2026-06-01,SKU-007,136
2026-06-08,SKU-007,121
2026-06-15,SKU-007,136
2026-06-22,SKU-007,132
2024-07-01,SKU-008,240
2024-07-08,SKU-008,135
2024-07-15,SKU-008,246
2024-07-22,SKU-008,176
2024-07-29,SKU-008,116
2024-08-05,SKU-008,328
2024-08-12,SKU-008,315
2024-08-19,SKU-008,53
2024-08-26,SKU-008,255
2024-09-02,SKU-008,393
2024-09-09,SKU-008,404
2024-09-16,SKU-008,402
2024-09-23,SKU-008,282
2024-09-30,SKU-008,173
2024-10-07,SKU-008,144
2024-10-14,SKU-008,327
2024-10-21,SKU-008,334
2024-10-28,SKU-008,454
2024-11-04,SKU-008,433
2024-11-11,SKU-008,274
2024-11-18,SKU-008,129
2024-11-25,SKU-008,253
2024-12-02,SKU-008,327
2024-12-09,SKU-008,272
2024-12-16,SKU-008,223
2024-12-23,SKU-008,337
2024-12-30,SKU-008,235
2025-01-06,SKU-008,219
2025-01-13,SKU-008,349
2025-01-20,SKU-008,251
2025-01-27,SKU-008,341
2025-02-03,SKU-008,345
2025-02-10,SKU-008,150
2025-02-17,SKU-008,241
2025-02-24,SKU-008,507
2025-03-03,SKU-008,147
2025-03-10,SKU-008,15
2025-03-17,SKU-008,50
2025-03-24,SKU-008,309
2025-03-31,SKU-008,309
2025-04-07,SKU-008,288
2025-04-14,SKU-008,468
2025-04-21,SKU-008,0
2025-04-28,SKU-008,354
2025-05-05,SKU-008,510
2025-05-12,SKU-008,147
2025-05-19,SKU-008,247
2025-05-26,SKU-008,197
2025-06-02,SKU-008,177
2025-06-09,SKU-008,253
2025-06-16,SKU-008,485
2025-06-23,SKU-008,540
2025-06-30,SKU-008,251
2025-07-07,SKU-008,549
2025-07-14,SKU-008,300
2025-07-21,SKU-008,530
2025-07-28,SKU-008,284
2025-08-04,SKU-008,315
2025-08-11,SKU-008,348
2025-08-18,SKU-008,730
2025-08-25,SKU-008,417
2025-09-01,SKU-008,207
2025-09-08,SKU-008,438
2025-09-15,SKU-008,257
2025-09-22,SKU-008,241
2025-09-29,SKU-008,439
2025-10-06,SKU-008,318
2025-10-13,SKU-008,355
2025-10-20,SKU-008,320
2025-10-27,SKU-008,369
2025-11-03,SKU-008,385
2025-11-10,SKU-008,42
2025-11-17,SKU-008,425
2025-11-24,SKU-008,184
2025-12-01,SKU-008,116
2025-12-08,SKU-008,324
2025-12-15,SKU-008,348
2025-12-22,SKU-008,232
2025-12-29,SKU-008,464
2026-01-05,SKU-008,134
2026-01-12,SKU-008,278
2026-01-19,SKU-008,251
2026-01-26,SKU-008,334
2026-02-02,SKU-008,385
2026-02-09,SKU-008,187
2026-02-16,SKU-008,453
2026-02-23,SKU-008,351
2026-03-02,SKU-008,51
2026-03-09,SKU-008,40
2026-03-16,SKU-008,338
2026-03-23,SKU-008,305
2026-03-30,SKU-008,322
2026-04-06,SKU-008,333
2026-04-13,SKU-008,370
2026-04-20,SKU-008,477
2026-04-27,SKU-008,167
2026-05-04,SKU-008,157
2026-05-11,SKU-008,168
2026-05-18,SKU-008,373
2026-05-25,SKU-008,514
2026-06-01,SKU-008,265
2026-06-08,SKU-008,0
2026-06-15,SKU-008,76
2026-06-22,SKU-008,204
2024-07-01,SKU-009,29
2024-07-08,SKU-009,34
2024-07-15,SKU-009,33
2024-07-22,SKU-009,33
2024-07-29,SKU-009,38
2024-08-05,SKU-009,33
2024-08-12,SKU-009,41
2024-08-19,SKU-009,35
2024-08-26,SKU-009,33
2024-09-02,SKU-009,38
2024-09-09,SKU-009,35
2024-09-16,SKU-009,37
2024-09-23,SKU-009,42
2024-09-30,SKU-009,43
2024-10-07,SKU-009,41
2024-10-14,SKU-009,47
2024-10-21,SKU-009,49
2024-10-28,SKU-009,51
2024-11-04,SKU-009,49
2024-11-11,SKU-009,54
2024-11-18,SKU-009,42
2024-11-25,SKU-009,49
2024-12-02,SKU-009,47
2024-12-09,SKU-009,52
2024-12-16,SKU-009,50
2024-12-23,SKU-009,52
2024-12-30,SKU-009,61
2025-01-06,SKU-009,52
2025-01-13,SKU-009,55
2025-01-20,SKU-009,52
2025-01-27,SKU-009,53
2025-02-03,SKU-009,53
2025-02-10,SKU-009,54
2025-02-17,SKU-009,56
2025-02-24,SKU-009,58
2025-03-03,SKU-009,51
2025-03-10,SKU-009,52
2025-03-17,SKU-009,44
2025-03-24,SKU-009,47
2025-03-31,SKU-009,50
2025-04-07,SKU-009,49
2025-04-14,SKU-009,45
2025-04-21,SKU-009,47
2025-04-28,SKU-009,44
2025-05-05,SKU-009,46
2025-05-12,SKU-009,42
2025-05-19,SKU-009,39
2025-05-26,SKU-009,40
2025-06-02,SKU-009,30
2025-06-09,SKU-009,39
2025-06-16,SKU-009,27
2025-06-23,SKU-009,32
2025-06-30,SKU-009,39
2025-07-07,SKU-009,39
2025-07-14,SKU-009,34
2025-07-21,SKU-009,36
2025-07-28,SKU-009,42
2025-08-04,SKU-009,37
2025-08-11,SKU-009,47
2025-08-18,SKU-009,40
2025-08-25,SKU-009,43
2025-09-01,SKU-009,48
2025-09-08,SKU-009,44
2025-09-15,SKU-009,41
2025-09-22,SKU-009,45
2025-09-29,SKU-009,47
2025-10-06,SKU-009,43
2025-10-13,SKU-009,49
2025-10-20,SKU-009,48
2025-10-27,SKU-009,56
2025-11-03,SKU-009,54
2025-11-10,SKU-009,53
2025-11-17,SKU-009,55
2025-11-24,SKU-009,58
2025-12-01,SKU-009,60
2025-12-08,SKU-009,54
2025-12-15,SKU-009,54
2025-12-22,SKU-009,65
2025-12-29,SKU-009,58
2026-01-05,SKU-009,53
2026-01-12,SKU-009,62
2026-01-19,SKU-009,62
2026-01-26,SKU-009,52
2026-02-02,SKU-009,60
2026-02-09,SKU-009,62
2026-02-16,SKU-009,60
2026-02-23,SKU-009,60
2026-03-02,SKU-009,50
2026-03-09,SKU-009,57
2026-03-16,SKU-009,53
2026-03-23,SKU-009,51
2026-03-30,SKU-009,56
2026-04-06,SKU-009,57
2026-04-13,SKU-009,57
2026-04-20,SKU-009,54
2026-04-27,SKU-009,47
2026-05-04,SKU-009,48
2026-05-11,SKU-009,48
2026-05-18,SKU-009,45
2026-05-25,SKU-009,44
2026-06-01,SKU-009,46
2026-06-08,SKU-009,42
2026-06-15,SKU-009,40
2026-06-22,SKU-009,41
2024-07-01,SKU-010,105
2024-07-08,SKU-010,93
2024-07-15,SKU-010,87
2024-07-22,SKU-010,94
2024-07-29,SKU-010,97
2024-08-05,SKU-010,108
2024-08-12,SKU-010,108
2024-08-19,SKU-010,110
2024-08-26,SKU-010,121
2024-09-02,SKU-010,120
2024-09-09,SKU-010,122
2024-09-16,SKU-010,124
2024-09-23,SKU-010,127
2024-09-30,SKU-010,101
2024-10-07,SKU-010,119
2024-10-14,SKU-010,101
2024-10-21,SKU-010,123
2024-10-28,SKU-010,122
2024-11-04,SKU-010,131
2024-11-11,SKU-010,131
2024-11-18,SKU-010,120
2024-11-25,SKU-010,112
2024-12-02,SKU-010,119
2024-12-09,SKU-010,108
2024-12-16,SKU-010,110
2024-12-23,SKU-010,116
2024-12-30,SKU-010,100
2025-01-06,SKU-010,108
2025-01-13,SKU-010,104
2025-01-20,SKU-010,89
2025-01-27,SKU-010,101
2025-02-03,SKU-010,96
2025-02-10,SKU-010,89
2025-02-17,SKU-010,81
2025-02-24,SKU-010,78
2025-03-03,SKU-010,78
2025-03-10,SKU-010,83
2025-03-17,SKU-010,73
2025-03-24,SKU-010,80
2025-03-31,SKU-010,69
2025-04-07,SKU-010,75
2025-04-14,SKU-010,77
2025-04-21,SKU-010,91
2025-04-28,SKU-010,68
2025-05-05,SKU-010,86
2025-05-12,SKU-010,79
2025-05-19,SKU-010,82
2025-05-26,SKU-010,82
2025-06-02,SKU-010,86
2025-06-09,SKU-010,85
2025-06-16,SKU-010,98
2025-06-23,SKU-010,87
2025-06-30,SKU-010,101
2025-07-07,SKU-010,91
2025-07-14,SKU-010,98
2025-07-21,SKU-010,92
2025-07-28,SKU-010,108
2025-08-04,SKU-010,119
2025-08-11,SKU-010,108
2025-08-18,SKU-010,110
2025-08-25,SKU-010,103
2025-09-01,SKU-010,113
2025-09-08,SKU-010,102
2025-09-15,SKU-010,110
2025-09-22,SKU-010,122
2025-09-29,SKU-010,133
2025-10-06,SKU-010,148
2025-10-13,SKU-010,115
2025-10-20,SKU-010,135
2025-10-27,SKU-010,123
2025-11-03,SKU-010,118
2025-11-10,SKU-010,122
2025-11-17,SKU-010,117
2025-11-24,SKU-010,116
2025-12-01,SKU-010,109
2025-12-08,SKU-010,98
2025-12-15,SKU-010,95
2025-12-22,SKU-010,111
2025-12-29,SKU-010,101
2026-01-05,SKU-010,96
2026-01-12,SKU-010,98
2026-01-19,SKU-010,101
2026-01-26,SKU-010,94
2026-02-02,SKU-010,85
2026-02-09,SKU-010,96
2026-02-16,SKU-010,96
2026-02-23,SKU-010,86
2026-03-02,SKU-010,87
2026-03-09,SKU-010,87
2026-03-16,SKU-010,85
2026-03-23,SKU-010,80
2026-03-30,SKU-010,79
2026-04-06,SKU-010,78
2026-04-13,SKU-010,68
2026-04-20,SKU-010,79
2026-04-27,SKU-010,67
2026-05-04,SKU-010,71
2026-05-11,SKU-010,85
2026-05-18,SKU-010,84
2026-05-25,SKU-010,90
2026-06-01,SKU-010,81
2026-06-08,SKU-010,77
2026-06-15,SKU-010,85
2026-06-22,SKU-010,90
2024-07-01,SKU-011,72
2024-07-08,SKU-011,73
2024-07-15,SKU-011,71
2024-07-22,SKU-011,102
2024-07-29,SKU-011,74
2024-08-05,SKU-011,72
2024-08-12,SKU-011,44
2024-08-19,SKU-011,62
2024-08-26,SKU-011,71
2024-09-02,SKU-011,65
2024-09-09,SKU-011,96
2024-09-16,SKU-011,73
2024-09-23,SKU-011,94
2024-09-30,SKU-011,76
2024-10-07,SKU-011,75
2024-10-14,SKU-011,73
2024-10-21,SKU-011,74
2024-10-28,SKU-011,100
2024-11-04,SKU-011,40
2024-11-11,SKU-011,44
2024-11-18,SKU-011,65
2024-11-25,SKU-011,73
2024-12-02,SKU-011,83
2024-12-09,SKU-011,79
2024-12-16,SKU-011,67
2024-12-23,SKU-011,87
2024-12-30,SKU-011,87
2025-01-06,SKU-011,74
2025-01-13,SKU-011,85
2025-01-20,SKU-011,75
2025-01-27,SKU-011,63
2025-02-03,SKU-011,80
2025-02-10,SKU-011,72
2025-02-17,SKU-011,70
2025-02-24,SKU-011,91
2025-03-03,SKU-011,36
2025-03-10,SKU-011,50
2025-03-17,SKU-011,53
2025-03-24,SKU-011,64
2025-03-31,SKU-011,66
2025-04-07,SKU-011,48
2025-04-14,SKU-011,56
2025-04-21,SKU-011,57
2025-04-28,SKU-011,103
2025-05-05,SKU-011,94
2025-05-12,SKU-011,64
2025-05-19,SKU-011,64
2025-05-26,SKU-011,53
2025-06-02,SKU-011,43
2025-06-09,SKU-011,68
2025-06-16,SKU-011,56
2025-06-23,SKU-011,68
2025-06-30,SKU-011,47
2025-07-07,SKU-011,59
2025-07-14,SKU-011,72
2025-07-21,SKU-011,75
2025-07-28,SKU-011,75
2025-08-04,SKU-011,51
2025-08-11,SKU-011,81
2025-08-18,SKU-011,58
2025-08-25,SKU-011,78
2025-09-01,SKU-011,69
2025-09-08,SKU-011,50
2025-09-15,SKU-011,65
2025-09-22,SKU-011,74
2025-09-29,SKU-011,77
2025-10-06,SKU-011,67
2025-10-13,SKU-011,90
2025-10-20,SKU-011,82
2025-10-27,SKU-011,65
2025-11-03,SKU-011,78
2025-11-10,SKU-011,94
2025-11-17,SKU-011,94
2025-11-24,SKU-011,51
2025-12-01,SKU-011,55
2025-12-08,SKU-011,87
2025-12-15,SKU-011,52
2025-12-22,SKU-011,49
2025-12-29,SKU-011,60
2026-01-05,SKU-011,71
2026-01-12,SKU-011,64
2026-01-19,SKU-011,57
2026-01-26,SKU-011,56
2026-02-02,SKU-011,56
2026-02-09,SKU-011,53
2026-02-16,SKU-011,94
2026-02-23,SKU-011,68
2026-03-02,SKU-011,76
2026-03-09,SKU-011,58
2026-03-16,SKU-011,62
2026-03-23,SKU-011,55
2026-03-30,SKU-011,30
2026-04-06,SKU-011,46
2026-04-13,SKU-011,41
2026-04-20,SKU-011,35
2026-04-27,SKU-011,48
2026-05-04,SKU-011,80
2026-05-11,SKU-011,63
2026-05-18,SKU-011,80
2026-05-25,SKU-011,69
2026-06-01,SKU-011,74
2026-06-08,SKU-011,52
2026-06-15,SKU-011,70
2026-06-22,SKU-011,73
2024-07-01,SKU-012,29
2024-07-08,SKU-012,31
2024-07-15,SKU-012,18
2024-07-22,SKU-012,28
2024-07-29,SKU-012,35
2024-08-05,SKU-012,36
2024-08-12,SKU-012,48
2024-08-19,SKU-012,45
2024-08-26,SKU-012,16
2024-09-02,SKU-012,52
2024-09-09,SKU-012,23
2024-09-16,SKU-012,45
2024-09-23,SKU-012,32
2024-09-30,SKU-012,26
2024-10-07,SKU-012,6
2024-10-14,SKU-012,31
2024-10-21,SKU-012,10
2024-10-28,SKU-012,49
2024-11-04,SKU-012,59
2024-11-11,SKU-012,23
2024-11-18,SKU-012,41
2024-11-25,SKU-012,24
2024-12-02,SKU-012,26
2024-12-09,SKU-012,50
2024-12-16,SKU-012,36
2024-12-23,SKU-012,66
2024-12-30,SKU-012,29
2025-01-06,SKU-012,54
2025-01-13,SKU-012,39
2025-01-20,SKU-012,50
2025-01-27,SKU-012,29
2025-02-03,SKU-012,36
2025-02-10,SKU-012,34
2025-02-17,SKU-012,22
2025-02-24,SKU-012,45
2025-03-03,SKU-012,44
2025-03-10,SKU-012,43
2025-03-17,SKU-012,56
2025-03-24,SKU-012,54
2025-03-31,SKU-012,26
2025-04-07,SKU-012,36
2025-04-14,SKU-012,22
2025-04-21,SKU-012,30
2025-04-28,SKU-012,21
2025-05-05,SKU-012,49
2025-05-12,SKU-012,32
2025-05-19,SKU-012,24
2025-05-26,SKU-012,41
2025-06-02,SKU-012,1
2025-06-09,SKU-012,2
2025-06-16,SKU-012,35
2025-06-23,SKU-012,26
2025-06-30,SKU-012,28
2025-07-07,SKU-012,10
2025-07-14,SKU-012,25
2025-07-21,SKU-012,48
2025-07-28,SKU-012,34
2025-08-04,SKU-012,27
2025-08-11,SKU-012,21
2025-08-18,SKU-012,21
2025-08-25,SKU-012,1
2025-09-01,SKU-012,30
2025-09-08,SKU-012,38
2025-09-15,SKU-012,8
2025-09-22,SKU-012,20
2025-09-29,SKU-012,14
2025-10-06,SKU-012,17
2025-10-13,SKU-012,31
2025-10-20,SKU-012,2
2025-10-27,SKU-012,40
2025-11-03,SKU-012,42
2025-11-10,SKU-012,28
2025-11-17,SKU-012,0
2025-11-24,SKU-012,18
2025-12-01,SKU-012,52
2025-12-08,SKU-012,0
2025-12-15,SKU-012,28
2025-12-22,SKU-012,16
2025-12-29,SKU-012,46
2026-01-05,SKU-012,23
2026-01-12,SKU-012,40
2026-01-19,SKU-012,42
2026-01-26,SKU-012,61
2026-02-02,SKU-012,30
2026-02-09,SKU-012,38
2026-02-16,SKU-012,11
2026-02-23,SKU-012,48
2026-03-02,SKU-012,20
2026-03-09,SKU-012,23
2026-03-16,SKU-012,30
2026-03-23,SKU-012,9
2026-03-30,SKU-012,32
2026-04-06,SKU-012,40
2026-04-13,SKU-012,31
2026-04-20,SKU-012,8
2026-04-27,SKU-012,25
2026-05-04,SKU-012,34
2026-05-11,SKU-012,4
2026-05-18,SKU-012,13
2026-05-25,SKU-012,33
2026-06-01,SKU-012,26
2026-06-08,SKU-012,27
2026-06-15,SKU-012,42
2026-06-22,SKU-012,27
2024-07-01,SKU-013,55
2024-07-08,SKU-013,31
2024-07-15,SKU-013,18
2024-07-22,SKU-013,38
2024-07-29,SKU-013,26
2024-08-05,SKU-013,24
2024-08-12,SKU-013,34
2024-08-19,SKU-013,11
2024-08-26,SKU-013,32
2024-09-02,SKU-013,51
2024-09-09,SKU-013,33
2024-09-16,SKU-013,23
2024-09-23,SKU-013,21
2024-09-30,SKU-013,22
2024-10-07,SKU-013,24
2024-10-14,SKU-013,23
2024-10-21,SKU-013,39
2024-10-28,SKU-013,6
2024-11-04,SKU-013,38
2024-11-11,SKU-013,23
2024-11-18,SKU-013,32
2024-11-25,SKU-013,14
2024-12-02,SKU-013,44
2024-12-09,SKU-013,43
2024-12-16,SKU-013,39
2024-12-23,SKU-013,9
2024-12-30,SKU-013,38
2025-01-06,SKU-013,32
2025-01-13,SKU-013,8
2025-01-20,SKU-013,27
2025-01-27,SKU-013,32
2025-02-03,SKU-013,34
2025-02-10,SKU-013,30
2025-02-17,SKU-013,31
2025-02-24,SKU-013,46
2025-03-03,SKU-013,43
2025-03-10,SKU-013,0
2025-03-17,SKU-013,24
2025-03-24,SKU-013,26
2025-03-31,SKU-013,6
2025-04-07,SKU-013,29
2025-04-14,SKU-013,43
2025-04-21,SKU-013,14
2025-04-28,SKU-013,32
2025-05-05,SKU-013,16
2025-05-12,SKU-013,20
2025-05-19,SKU-013,47
2025-05-26,SKU-013,21
2025-06-02,SKU-013,34
2025-06-09,SKU-013,4
2025-06-16,SKU-013,52
2025-06-23,SKU-013,36
2025-06-30,SKU-013,26
2025-07-07,SKU-013,36
2025-07-14,SKU-013,11
2025-07-21,SKU-013,44
2025-07-28,SKU-013,25
2025-08-04,SKU-013,26
2025-08-11,SKU-013,23
2025-08-18,SKU-013,21
2025-08-25,SKU-013,38
2025-09-01,SKU-013,33
2025-09-08,SKU-013,38
2025-09-15,SKU-013,29
2025-09-22,SKU-013,36
2025-09-29,SKU-013,24
2025-10-06,SKU-013,59
2025-10-13,SKU-013,9
2025-10-20,SKU-013,46
2025-10-27,SKU-013,47
2025-11-03,SKU-013,18
2025-11-10,SKU-013,59
2025-11-17,SKU-013,43
2025-11-24,SKU-013,42
2025-12-01,SKU-013,30
2025-12-08,SKU-013,26
2025-12-15,SKU-013,27
2025-12-22,SKU-013,34
2025-12-29,SKU-013,48
2026-01-05,SKU-013,32
2026-01-12,SKU-013,17
2026-01-19,SKU-013,40
2026-01-26,SKU-013,41
2026-02-02,SKU-013,38
2026-02-09,SKU-013,39
2026-02-16,SKU-013,26
2026-02-23,SKU-013,17
2026-03-02,SKU-013,18
2026-03-09,SKU-013,8
2026-03-16,SKU-013,33
2026-03-23,SKU-013,28
2026-03-30,SKU-013,24
2026-04-06,SKU-013,0
2026-04-13,SKU-013,13
2026-04-20,SKU-013,45
2026-04-27,SKU-013,21
2026-05-04,SKU-013,35
2026-05-11,SKU-013,11
2026-05-18,SKU-013,49
2026-05-25,SKU-013,28
2026-06-01,SKU-013,34
2026-06-08,SKU-013,62
2026-06-15,SKU-013,51
2026-06-22,SKU-013,26
2024-07-01,SKU-014,44
2024-07-08,SKU-014,78
2024-07-15,SKU-014,51
2024-07-22,SKU-014,63
2024-07-29,SKU-014,30
2024-08-05,SKU-014,28
2024-08-12,SKU-014,56
2024-08-19,SKU-014,68
2024-08-26,SKU-014,49
2024-09-02,SKU-014,20
2024-09-09,SKU-014,19
2024-09-16,SKU-014,18
2024-09-23,SKU-014,10
2024-09-30,SKU-014,55
2024-10-07,SKU-014,80
2024-10-14,SKU-014,53
2024-10-21,SKU-014,0
2024-10-28,SKU-014,50
2024-11-04,SKU-014,51
2024-11-11,SKU-014,109
2024-11-18,SKU-014,19
2024-11-25,SKU-014,47
2024-12-02,SKU-014,100
2024-12-09,SKU-014,68
2024-12-16,SKU-014,71
2024-12-23,SKU-014,59
2024-12-30,SKU-014,65
2025-01-06,SKU-014,75
2025-01-13,SKU-014,35
2025-01-20,SKU-014,76
2025-01-27,SKU-014,21
2025-02-03,SKU-014,61
2025-02-10,SKU-014,57
2025-02-17,SKU-014,37
2025-02-24,SKU-014,50
2025-03-03,SKU-014,36
2025-03-10,SKU-014,25
2025-03-17,SKU-014,41
2025-03-24,SKU-014,24
2025-03-31,SKU-014,53
2025-04-07,SKU-014,22
2025-04-14,SKU-014,59
2025-04-21,SKU-014,21
2025-04-28,SKU-014,32
2025-05-05,SKU-014,31
2025-05-12,SKU-014,68
2025-05-19,SKU-014,48
2025-05-26,SKU-014,38
2025-06-02,SKU-014,51
2025-06-09,SKU-014,2
2025-06-16,SKU-014,41
2025-06-23,SKU-014,79
2025-06-30,SKU-014,45
2025-07-07,SKU-014,44
2025-07-14,SKU-014,53
2025-07-21,SKU-014,61
2025-07-28,SKU-014,4
2025-08-04,SKU-014,11
2025-08-11,SKU-014,50
2025-08-18,SKU-014,31
2025-08-25,SKU-014,75
2025-09-01,SKU-014,41
2025-09-08,SKU-014,6
2025-09-15,SKU-014,21
2025-09-22,SKU-014,0
2025-09-29,SKU-014,46
2025-10-06,SKU-014,48
2025-10-13,SKU-014,43
2025-10-20,SKU-014,80
2025-10-27,SKU-014,83
2025-11-03,SKU-014,50
2025-11-10,SKU-014,2
2025-11-17,SKU-014,71
2025-11-24,SKU-014,70
2025-12-01,SKU-014,64
2025-12-08,SKU-014,81
2025-12-15,SKU-014,27
2025-12-22,SKU-014,106
2025-12-29,SKU-014,31
2026-01-05,SKU-014,73
2026-01-12,SKU-014,13
2026-01-19,SKU-014,31
2026-01-26,SKU-014,90
2026-02-02,SKU-014,46
2026-02-09,SKU-014,71
2026-02-16,SKU-014,56
2026-02-23,SKU-014,48
2026-03-02,SKU-014,80
2026-03-09,SKU-014,43
2026-03-16,SKU-014,9
2026-03-23,SKU-014,30
2026-03-30,SKU-014,57
2026-04-06,SKU-014,53
2026-04-13,SKU-014,13
2026-04-20,SKU-014,29
2026-04-27,SKU-014,32
2026-05-04,SKU-014,35
2026-05-11,SKU-014,16
2026-05-18,SKU-014,30
2026-05-25,SKU-014,28
2026-06-01,SKU-014,55
2026-06-08,SKU-014,56
2026-06-15,SKU-014,38
2026-06-22,SKU-014,34
2024-07-01,SKU-015,11
2024-07-08,SKU-015,16
2024-07-15,SKU-015,15
2024-07-22,SKU-015,17
2024-07-29,SKU-015,15
2024-08-05,SKU-015,11
2024-08-12,SKU-015,12
2024-08-19,SKU-015,16
2024-08-26,SKU-015,20
2024-09-02,SKU-015,10
2024-09-09,SKU-015,19
2024-09-16,SKU-015,23
2024-09-23,SKU-015,19
2024-09-30,SKU-015,23
2024-10-07,SKU-015,18
2024-10-14,SKU-015,22
2024-10-21,SKU-015,16
2024-10-28,SKU-015,13
2024-11-04,SKU-015,30
2024-11-11,SKU-015,21
2024-11-18,SKU-015,24
2024-11-25,SKU-015,20
2024-12-02,SKU-015,20
2024-12-09,SKU-015,28
2024-12-16,SKU-015,25
2024-12-23,SKU-015,32
2024-12-30,SKU-015,33
2025-01-06,SKU-015,32
2025-01-13,SKU-015,32
2025-01-20,SKU-015,40
2025-01-27,SKU-015,24
2025-02-03,SKU-015,30
2025-02-10,SKU-015,37
2025-02-17,SKU-015,37
2025-02-24,SKU-015,21
2025-03-03,SKU-015,27
2025-03-10,SKU-015,35
2025-03-17,SKU-015,30
2025-03-24,SKU-015,27
2025-03-31,SKU-015,24
2025-04-07,SKU-015,23
2025-04-14,SKU-015,25
2025-04-21,SKU-015,22
2025-04-28,SKU-015,22
2025-05-05,SKU-015,21
2025-05-12,SKU-015,17
2025-05-19,SKU-015,21
2025-05-26,SKU-015,29
2025-06-02,SKU-015,11
2025-06-09,SKU-015,18
2025-06-16,SKU-015,14
2025-06-23,SKU-015,18
2025-06-30,SKU-015,16
2025-07-07,SKU-015,17
2025-07-14,SKU-015,18
2025-07-21,SKU-015,15
2025-07-28,SKU-015,18
2025-08-04,SKU-015,8
2025-08-11,SKU-015,20
2025-08-18,SKU-015,17
2025-08-25,SKU-015,20
2025-09-01,SKU-015,13
2025-09-08,SKU-015,14
2025-09-15,SKU-015,19
2025-09-22,SKU-015,19
2025-09-29,SKU-015,21
2025-10-06,SKU-015,25
2025-10-13,SKU-015,14
2025-10-20,SKU-015,27
2025-10-27,SKU-015,23
2025-11-03,SKU-015,23
2025-11-10,SKU-015,18
2025-11-17,SKU-015,28
2025-11-24,SKU-015,14
2025-12-01,SKU-015,31
2025-12-08,SKU-015,19
2025-12-15,SKU-015,28
2025-12-22,SKU-015,28
2025-12-29,SKU-015,36
2026-01-05,SKU-015,28
2026-01-12,SKU-015,25
2026-01-19,SKU-015,26
2026-01-26,SKU-015,37
2026-02-02,SKU-015,32
2026-02-09,SKU-015,27
2026-02-16,SKU-015,27
2026-02-23,SKU-015,19
2026-03-02,SKU-015,30
2026-03-09,SKU-015,17
2026-03-16,SKU-015,30
2026-03-23,SKU-015,26
2026-03-30,SKU-015,36
2026-04-06,SKU-015,18
2026-04-13,SKU-015,22
2026-04-20,SKU-015,30
2026-04-27,SKU-015,26
2026-05-04,SKU-015,17
2026-05-11,SKU-015,20
2026-05-18,SKU-015,18
2026-05-25,SKU-015,18
2026-06-01,SKU-015,14
2026-06-08,SKU-015,16
2026-06-15,SKU-015,11
2026-06-22,SKU-015,16
2024-07-01,SKU-016,155
2024-07-08,SKU-016,160
2024-07-15,SKU-016,181
2024-07-22,SKU-016,154
2024-07-29,SKU-016,167
2024-08-05,SKU-016,149
2024-08-12,SKU-016,155
2024-08-19,SKU-016,146
2024-08-26,SKU-016,154
2024-09-02,SKU-016,133
2024-09-09,SKU-016,118
2024-09-16,SKU-016,116
2024-09-23,SKU-016,120
2024-09-30,SKU-016,109
2024-10-07,SKU-016,121
2024-10-14,SKU-016,109
2024-10-21,SKU-016,130
2024-10-28,SKU-016,91
2024-11-04,SKU-016,105
2024-11-11,SKU-016,92
2024-11-18,SKU-016,95
2024-11-25,SKU-016,99
2024-12-02,SKU-016,79
2024-12-09,SKU-016,99
2024-12-16,SKU-016,112
2024-12-23,SKU-016,95
2024-12-30,SKU-016,102
2025-01-06,SKU-016,110
2025-01-13,SKU-016,103
2025-01-20,SKU-016,103
2025-01-27,SKU-016,91
2025-02-03,SKU-016,121
2025-02-10,SKU-016,118
2025-02-17,SKU-016,114
2025-02-24,SKU-016,130
2025-03-03,SKU-016,128
2025-03-10,SKU-016,133
2025-03-17,SKU-016,151
2025-03-24,SKU-016,133
2025-03-31,SKU-016,166
2025-04-07,SKU-016,141
2025-04-14,SKU-016,154
2025-04-21,SKU-016,192
2025-04-28,SKU-016,186
2025-05-05,SKU-016,175
2025-05-12,SKU-016,163
2025-05-19,SKU-016,171
2025-05-26,SKU-016,181
2025-06-02,SKU-016,182
2025-06-09,SKU-016,181
2025-06-16,SKU-016,181
2025-06-23,SKU-016,178
2025-06-30,SKU-016,159
2025-07-07,SKU-016,171
2025-07-14,SKU-016,188
2025-07-21,SKU-016,154
2025-07-28,SKU-016,167
2025-08-04,SKU-016,155
2025-08-11,SKU-016,163
2025-08-18,SKU-016,152
2025-08-25,SKU-016,171
2025-09-01,SKU-016,154
2025-09-08,SKU-016,128
2025-09-15,SKU-016,146
2025-09-22,SKU-016,125
2025-09-29,SKU-016,123
2025-10-06,SKU-016,127
2025-10-13,SKU-016,115
2025-10-20,SKU-016,125
2025-10-27,SKU-016,106
2025-11-03,SKU-016,104
2025-11-10,SKU-016,102
2025-11-17,SKU-016,101
2025-11-24,SKU-016,113
2025-12-01,SKU-016,108
2025-12-08,SKU-016,117
2025-12-15,SKU-016,122
2025-12-22,SKU-016,96
2025-12-29,SKU-016,107
2026-01-05,SKU-016,98
2026-01-12,SKU-016,104
2026-01-19,SKU-016,109
2026-01-26,SKU-016,108
2026-02-02,SKU-016,112
2026-02-09,SKU-016,125
2026-02-16,SKU-016,119
2026-02-23,SKU-016,146
2026-03-02,SKU-016,132
2026-03-09,SKU-016,180
2026-03-16,SKU-016,147
2026-03-23,SKU-016,159
2026-03-30,SKU-016,146
2026-04-06,SKU-016,191
2026-04-13,SKU-016,188
2026-04-20,SKU-016,181
2026-04-27,SKU-016,161
2026-05-04,SKU-016,187
2026-05-11,SKU-016,170
2026-05-18,SKU-016,212
2026-05-25,SKU-016,203
2026-06-01,SKU-016,194
2026-06-08,SKU-016,155
2026-06-15,SKU-016,178
2026-06-22,SKU-016,203
2024-07-01,SKU-017,65
2024-07-08,SKU-017,44
2024-07-15,SKU-017,65
2024-07-22,SKU-017,65
2024-07-29,SKU-017,68
2024-08-05,SKU-017,62
2024-08-12,SKU-017,64
2024-08-19,SKU-017,70
2024-08-26,SKU-017,77
2024-09-02,SKU-017,67
2024-09-09,SKU-017,66
2024-09-16,SKU-017,73
2024-09-23,SKU-017,45
2024-09-30,SKU-017,80
2024-10-07,SKU-017,73
2024-10-14,SKU-017,74
2024-10-21,SKU-017,88
2024-10-28,SKU-017,46
2024-11-04,SKU-017,46
2024-11-11,SKU-017,80
2024-11-18,SKU-017,76
2024-11-25,SKU-017,79
2024-12-02,SKU-017,70
2024-12-09,SKU-017,88
2024-12-16,SKU-017,92
2024-12-23,SKU-017,86
2024-12-30,SKU-017,74
2025-01-06,SKU-017,46
2025-01-13,SKU-017,91
2025-01-20,SKU-017,99
2025-01-27,SKU-017,90
2025-02-03,SKU-017,66
2025-02-10,SKU-017,91
2025-02-17,SKU-017,94
2025-02-24,SKU-017,105
2025-03-03,SKU-017,66
2025-03-10,SKU-017,76
2025-03-17,SKU-017,92
2025-03-24,SKU-017,81
2025-03-31,SKU-017,62
2025-04-07,SKU-017,86
2025-04-14,SKU-017,89
2025-04-21,SKU-017,81
2025-04-28,SKU-017,83
2025-05-05,SKU-017,75
2025-05-12,SKU-017,103
2025-05-19,SKU-017,65
2025-05-26,SKU-017,70
2025-06-02,SKU-017,79
2025-06-09,SKU-017,93
2025-06-16,SKU-017,55
2025-06-23,SKU-017,58
2025-06-30,SKU-017,47
2025-07-07,SKU-017,79
2025-07-14,SKU-017,61
2025-07-21,SKU-017,73
2025-07-28,SKU-017,90
2025-08-04,SKU-017,69
2025-08-11,SKU-017,83
2025-08-18,SKU-017,75
2025-08-25,SKU-017,91
2025-09-01,SKU-017,88
2025-09-08,SKU-017,70
2025-09-15,SKU-017,78
2025-09-22,SKU-017,99
2025-09-29,SKU-017,89
2025-10-06,SKU-017,60
2025-10-13,SKU-017,94
2025-10-20,SKU-017,65
2025-10-27,SKU-017,108
2025-11-03,SKU-017,102
2025-11-10,SKU-017,90
2025-11-17,SKU-017,88
2025-11-24,SKU-017,83
2025-12-01,SKU-017,98
2025-12-08,SKU-017,81
2025-12-15,SKU-017,92
2025-12-22,SKU-017,103
2025-12-29,SKU-017,78
2026-01-05,SKU-017,78
2026-01-12,SKU-017,68
2026-01-19,SKU-017,70
2026-01-26,SKU-017,57
2026-02-02,SKU-017,103
2026-02-09,SKU-017,122
2026-02-16,SKU-017,115
2026-02-23,SKU-017,61
2026-03-02,SKU-017,103
2026-03-09,SKU-017,115
2026-03-16,SKU-017,81
2026-03-23,SKU-017,91
2026-03-30,SKU-017,54
2026-04-06,SKU-017,94
2026-04-13,SKU-017,70
2026-04-20,SKU-017,93
2026-04-27,SKU-017,61
2026-05-04,SKU-017,98
2026-05-11,SKU-017,107
2026-05-18,SKU-017,74
2026-05-25,SKU-017,68
2026-06-01,SKU-017,50
2026-06-08,SKU-017,83
2026-06-15,SKU-017,78
2026-06-22,SKU-017,61
2024-07-01,SKU-018,11
2024-07-08,SKU-018,23
2024-07-15,SKU-018,24
2024-07-22,SKU-018,18
2024-07-29,SKU-018,28
2024-08-05,SKU-018,16
2024-08-12,SKU-018,30
2024-08-19,SKU-018,32
2024-08-26,SKU-018,0
2024-09-02,SKU-018,42
2024-09-09,SKU-018,0
2024-09-16,SKU-018,22
2024-09-23,SKU-018,46
2024-09-30,SKU-018,28
2024-10-07,SKU-018,12
2024-10-14,SKU-018,18
2024-10-21,SKU-018,54
2024-10-28,SKU-018,5
2024-11-04,SKU-018,60
2024-11-11,SKU-018,40
2024-11-18,SKU-018,20
2024-11-25,SKU-018,32
2024-12-02,SKU-018,24
2024-12-09,SKU-018,63
2024-12-16,SKU-018,61
2024-12-23,SKU-018,11
2024-12-30,SKU-018,38
2025-01-06,SKU-018,29
2025-01-13,SKU-018,75
2025-01-20,SKU-018,18
2025-01-27,SKU-018,80
2025-02-03,SKU-018,45
2025-02-10,SKU-018,22
2025-02-17,SKU-018,31
2025-02-24,SKU-018,28
2025-03-03,SKU-018,18
2025-03-10,SKU-018,44
2025-03-17,SKU-018,18
2025-03-24,SKU-018,1
2025-03-31,SKU-018,32
2025-04-07,SKU-018,7
2025-04-14,SKU-018,23
2025-04-21,SKU-018,20
2025-04-28,SKU-018,20
2025-05-05,SKU-018,60
2025-05-12,SKU-018,31
2025-05-19,SKU-018,32
2025-05-26,SKU-018,6
2025-06-02,SKU-018,19
2025-06-09,SKU-018,29
2025-06-16,SKU-018,14
2025-06-23,SKU-018,36
2025-06-30,SKU-018,12
2025-07-07,SKU-018,22
2025-07-14,SKU-018,19
2025-07-21,SKU-018,28
2025-07-28,SKU-018,19
2025-08-04,SKU-018,24
2025-08-11,SKU-018,25
2025-08-18,SKU-018,19
2025-08-25,SKU-018,37
2025-09-01,SKU-018,35
2025-09-08,SKU-018,31
2025-09-15,SKU-018,28
2025-09-22,SKU-018,49
2025-09-29,SKU-018,33
2025-10-06,SKU-018,34
2025-10-13,SKU-018,42
2025-10-20,SKU-018,74
2025-10-27,SKU-018,17
2025-11-03,SKU-018,61
2025-11-10,SKU-018,7
2025-11-17,SKU-018,53
2025-11-24,SKU-018,84
2025-12-01,SKU-018,61
2025-12-08,SKU-018,55
2025-12-15,SKU-018,39
2025-12-22,SKU-018,53
2025-12-29,SKU-018,47
2026-01-05,SKU-018,34
2026-01-12,SKU-018,46
2026-01-19,SKU-018,58
2026-01-26,SKU-018,34
2026-02-02,SKU-018,33
2026-02-09,SKU-018,20
2026-02-16,SKU-018,59
2026-02-23,SKU-018,62
2026-03-02,SKU-018,53
2026-03-09,SKU-018,67
2026-03-16,SKU-018,47
2026-03-23,SKU-018,52
2026-03-30,SKU-018,49
2026-04-06,SKU-018,40
2026-04-13,SKU-018,30
2026-04-20,SKU-018,76
2026-04-27,SKU-018,29
2026-05-04,SKU-018,25
2026-05-11,SKU-018,41
2026-05-18,SKU-018,36
2026-05-25,SKU-018,12
2026-06-01,SKU-018,46
2026-06-08,SKU-018,29
2026-06-15,SKU-018,15
2026-06-22,SKU-018,44
2024-07-01,SKU-019,114
2024-07-08,SKU-019,146
2024-07-15,SKU-019,142
2024-07-22,SKU-019,128
2024-07-29,SKU-019,106
2024-08-05,SKU-019,127
2024-08-12,SKU-019,119
2024-08-19,SKU-019,86
2024-08-26,SKU-019,81
2024-09-02,SKU-019,123
2024-09-09,SKU-019,51
2024-09-16,SKU-019,108
2024-09-23,SKU-019,90
2024-09-30,SKU-019,120
2024-10-07,SKU-019,83
2024-10-14,SKU-019,99
2024-10-21,SKU-019,78
2024-10-28,SKU-019,83
2024-11-04,SKU-019,89
2024-11-11,SKU-019,68
2024-11-18,SKU-019,87
2024-11-25,SKU-019,57
2024-12-02,SKU-019,73
2024-12-09,SKU-019,80
2024-12-16,SKU-019,76
2024-12-23,SKU-019,93
2024-12-30,SKU-019,57
2025-01-06,SKU-019,49
2025-01-13,SKU-019,55
2025-01-20,SKU-019,80
2025-01-27,SKU-019,80
2025-02-03,SKU-019,77
2025-02-10,SKU-019,61
2025-02-17,SKU-019,94
2025-02-24,SKU-019,64
2025-03-03,SKU-019,109
2025-03-10,SKU-019,145
2025-03-17,SKU-019,104
2025-03-24,SKU-019,112
2025-03-31,SKU-019,94
2025-04-07,SKU-019,69
2025-04-14,SKU-019,99
2025-04-21,SKU-019,91
2025-04-28,SKU-019,85
2025-05-05,SKU-019,165
2025-05-12,SKU-019,133
2025-05-19,SKU-019,138
2025-05-26,SKU-019,123
2025-06-02,SKU-019,128
2025-06-09,SKU-019,159
2025-06-16,SKU-019,134
2025-06-23,SKU-019,149
2025-06-30,SKU-019,129
2025-07-07,SKU-019,125
2025-07-14,SKU-019,95
2025-07-21,SKU-019,79
2025-07-28,SKU-019,122
2025-08-04,SKU-019,128
2025-08-11,SKU-019,92
2025-08-18,SKU-019,120
2025-08-25,SKU-019,119
2025-09-01,SKU-019,65
2025-09-08,SKU-019,90
2025-09-15,SKU-019,114
2025-09-22,SKU-019,110
2025-09-29,SKU-019,75
2025-10-06,SKU-019,97
2025-10-13,SKU-019,108
2025-10-20,SKU-019,100
2025-10-27,SKU-019,81
2025-11-03,SKU-019,72
2025-11-10,SKU-019,67
2025-11-17,SKU-019,81
2025-11-24,SKU-019,75
2025-12-01,SKU-019,80
2025-12-08,SKU-019,71
2025-12-15,SKU-019,80
2025-12-22,SKU-019,70
2025-12-29,SKU-019,80
2026-01-05,SKU-019,82
2026-01-12,SKU-019,59
2026-01-19,SKU-019,46
2026-01-26,SKU-019,98
2026-02-02,SKU-019,81
2026-02-09,SKU-019,53
2026-02-16,SKU-019,72
2026-02-23,SKU-019,100
2026-03-02,SKU-019,86
2026-03-09,SKU-019,85
2026-03-16,SKU-019,127
2026-03-23,SKU-019,81
2026-03-30,SKU-019,90
2026-04-06,SKU-019,116
2026-04-13,SKU-019,124
2026-04-20,SKU-019,131
2026-04-27,SKU-019,145
2026-05-04,SKU-019,131
2026-05-11,SKU-019,142
2026-05-18,SKU-019,125
2026-05-25,SKU-019,135
2026-06-01,SKU-019,138
2026-06-08,SKU-019,143
2026-06-15,SKU-019,159
2026-06-22,SKU-019,153
2024-07-01,SKU-020,58
2024-07-08,SKU-020,48
2024-07-15,SKU-020,69
2024-07-22,SKU-020,43
2024-07-29,SKU-020,50
2024-08-05,SKU-020,39
2024-08-12,SKU-020,44
2024-08-19,SKU-020,50
2024-08-26,SKU-020,55
2024-09-02,SKU-020,51
2024-09-09,SKU-020,60
2024-09-16,SKU-020,48
2024-09-23,SKU-020,46
2024-09-30,SKU-020,77
2024-10-07,SKU-020,55
2024-10-14,SKU-020,44
2024-10-21,SKU-020,45
2024-10-28,SKU-020,43
2024-11-04,SKU-020,64
2024-11-11,SKU-020,51
2024-11-18,SKU-020,57
2024-11-25,SKU-020,56
2024-12-02,SKU-020,66
2024-12-09,SKU-020,48
2024-12-16,SKU-020,46
2024-12-23,SKU-020,62
2024-12-30,SKU-020,67
2025-01-06,SKU-020,64
2025-01-13,SKU-020,51
2025-01-20,SKU-020,69
2025-01-27,SKU-020,52
2025-02-03,SKU-020,55
2025-02-10,SKU-020,50
2025-02-17,SKU-020,77
2025-02-24,SKU-020,69
2025-03-03,SKU-020,68
2025-03-10,SKU-020,76
2025-03-17,SKU-020,94
2025-03-24,SKU-020,39
2025-03-31,SKU-020,50
2025-04-07,SKU-020,51
2025-04-14,SKU-020,48
2025-04-21,SKU-020,45
2025-04-28,SKU-020,53
2025-05-05,SKU-020,42
2025-05-12,SKU-020,58
2025-05-19,SKU-020,54
2025-05-26,SKU-020,58
2025-06-02,SKU-020,58
2025-06-09,SKU-020,58
2025-06-16,SKU-020,47
2025-06-23,SKU-020,72
2025-06-30,SKU-020,52
2025-07-07,SKU-020,31
2025-07-14,SKU-020,39
2025-07-21,SKU-020,32
2025-07-28,SKU-020,49
2025-08-04,SKU-020,48
2025-08-11,SKU-020,45
2025-08-18,SKU-020,69
2025-08-25,SKU-020,55
2025-09-01,SKU-020,57
2025-09-08,SKU-020,41
2025-09-15,SKU-020,41
2025-09-22,SKU-020,52
2025-09-29,SKU-020,54
2025-10-06,SKU-020,33
2025-10-13,SKU-020,52
2025-10-20,SKU-020,55
2025-10-27,SKU-020,53
2025-11-03,SKU-020,47
2025-11-10,SKU-020,51
2025-11-17,SKU-020,56
2025-11-24,SKU-020,60
2025-12-01,SKU-020,67
2025-12-08,SKU-020,74
2025-12-15,SKU-020,58
2025-12-22,SKU-020,56
2025-12-29,SKU-020,68
2026-01-05,SKU-020,71
2026-01-12,SKU-020,58
2026-01-19,SKU-020,74
2026-01-26,SKU-020,77
2026-02-02,SKU-020,81
2026-02-09,SKU-020,87
2026-02-16,SKU-020,53
2026-02-23,SKU-020,64
2026-03-02,SKU-020,64
2026-03-09,SKU-020,62
2026-03-16,SKU-020,55
2026-03-23,SKU-020,44
2026-03-30,SKU-020,63
2026-04-06,SKU-020,52
2026-04-13,SKU-020,61
2026-04-20,SKU-020,50
2026-04-27,SKU-020,46
2026-05-04,SKU-020,60
2026-05-11,SKU-020,59
2026-05-18,SKU-020,63
2026-05-25,SKU-020,80
2026-06-01,SKU-020,58
2026-06-08,SKU-020,59
2026-06-15,SKU-020,42
2026-06-22,SKU-020,39
2024-07-01,SKU-021,33
2024-07-08,SKU-021,20
2024-07-15,SKU-021,76
2024-07-22,SKU-021,66
2024-07-29,SKU-021,39
2024-08-05,SKU-021,16
2024-08-12,SKU-021,37
2024-08-19,SKU-021,54
2024-08-26,SKU-021,85
2024-09-02,SKU-021,30
2024-09-09,SKU-021,54
2024-09-16,SKU-021,73
2024-09-23,SKU-021,0
2024-09-30,SKU-021,83
2024-10-07,SKU-021,27
2024-10-14,SKU-021,65
2024-10-21,SKU-021,63
2024-10-28,SKU-021,84
2024-11-04,SKU-021,70
2024-11-11,SKU-021,0
2024-11-18,SKU-021,36
2024-11-25,SKU-021,59
2024-12-02,SKU-021,50
2024-12-09,SKU-021,67
2024-12-16,SKU-021,74
2024-12-23,SKU-021,69
2024-12-30,SKU-021,48
2025-01-06,SKU-021,9
2025-01-13,SKU-021,42
2025-01-20,SKU-021,62
2025-01-27,SKU-021,26
2025-02-03,SKU-021,66
2025-02-10,SKU-021,72
2025-02-17,SKU-021,54
2025-02-24,SKU-021,0
2025-03-03,SKU-021,21
2025-03-10,SKU-021,92
2025-03-17,SKU-021,38
2025-03-24,SKU-021,5
2025-03-31,SKU-021,77
2025-04-07,SKU-021,50
2025-04-14,SKU-021,74
2025-04-21,SKU-021,56
2025-04-28,SKU-021,60
2025-05-05,SKU-021,58
2025-05-12,SKU-021,66
2025-05-19,SKU-021,103
2025-05-26,SKU-021,73
2025-06-02,SKU-021,15
2025-06-09,SKU-021,62
2025-06-16,SKU-021,79
2025-06-23,SKU-021,81
2025-06-30,SKU-021,43
2025-07-07,SKU-021,82
2025-07-14,SKU-021,77
2025-07-21,SKU-021,118
2025-07-28,SKU-021,36
2025-08-04,SKU-021,43
2025-08-11,SKU-021,48
2025-08-18,SKU-021,44
2025-08-25,SKU-021,34
2025-09-01,SKU-021,0
2025-09-08,SKU-021,46
2025-09-15,SKU-021,67
2025-09-22,SKU-021,45
2025-09-29,SKU-021,108
2025-10-06,SKU-021,58
2025-10-13,SKU-021,91
2025-10-20,SKU-021,64
2025-10-27,SKU-021,79
2025-11-03,SKU-021,64
2025-11-10,SKU-021,92
2025-11-17,SKU-021,58
2025-11-24,SKU-021,69
2025-12-01,SKU-021,65
2025-12-08,SKU-021,48
2025-12-15,SKU-021,65
2025-12-22,SKU-021,110
2025-12-29,SKU-021,48
2026-01-05,SKU-021,64
2026-01-12,SKU-021,84
2026-01-19,SKU-021,80
2026-01-26,SKU-021,53
2026-02-02,SKU-021,0
2026-02-09,SKU-021,64
2026-02-16,SKU-021,0
2026-02-23,SKU-021,85
2026-03-02,SKU-021,55
2026-03-09,SKU-021,74
2026-03-16,SKU-021,30
2026-03-23,SKU-021,15
2026-03-30,SKU-021,56
2026-04-06,SKU-021,50
2026-04-13,SKU-021,39
2026-04-20,SKU-021,53
2026-04-27,SKU-021,114
2026-05-04,SKU-021,70
2026-05-11,SKU-021,75
2026-05-18,SKU-021,71
2026-05-25,SKU-021,86
2026-06-01,SKU-021,48
2026-06-08,SKU-021,4
2026-06-15,SKU-021,49
2026-06-22,SKU-021,73
2024-07-01,SKU-022,241
2024-07-08,SKU-022,106
2024-07-15,SKU-022,4
2024-07-22,SKU-022,253
2024-07-29,SKU-022,277
2024-08-05,SKU-022,380
2024-08-12,SKU-022,427
2024-08-19,SKU-022,433
2024-08-26,SKU-022,141
2024-09-02,SKU-022,217
2024-09-09,SKU-022,316
2024-09-16,SKU-022,558
2024-09-23,SKU-022,435
2024-09-30,SKU-022,392
2024-10-07,SKU-022,214
2024-10-14,SKU-022,155
2024-10-21,SKU-022,346
2024-10-28,SKU-022,127
2024-11-04,SKU-022,222
2024-11-11,SKU-022,232
2024-11-18,SKU-022,413
2024-11-25,SKU-022,198
2024-12-02,SKU-022,0
2024-12-09,SKU-022,278
2024-12-16,SKU-022,152
2024-12-23,SKU-022,220
2024-12-30,SKU-022,203
2025-01-06,SKU-022,181
2025-01-13,SKU-022,273
2025-01-20,SKU-022,61
2025-01-27,SKU-022,148
2025-02-03,SKU-022,247
2025-02-10,SKU-022,135
2025-02-17,SKU-022,51
2025-02-24,SKU-022,236
2025-03-03,SKU-022,271
2025-03-10,SKU-022,176
2025-03-17,SKU-022,21
2025-03-24,SKU-022,237
2025-03-31,SKU-022,46
2025-04-07,SKU-022,209
2025-04-14,SKU-022,112
2025-04-21,SKU-022,91
2025-04-28,SKU-022,155
2025-05-05,SKU-022,181
2025-05-12,SKU-022,144
2025-05-19,SKU-022,263
2025-05-26,SKU-022,171
2025-06-02,SKU-022,317
2025-06-09,SKU-022,254
2025-06-16,SKU-022,159
2025-06-23,SKU-022,145
2025-06-30,SKU-022,63
2025-07-07,SKU-022,283
2025-07-14,SKU-022,216
2025-07-21,SKU-022,0
2025-07-28,SKU-022,203
2025-08-04,SKU-022,162
2025-08-11,SKU-022,472
2025-08-18,SKU-022,65
2025-08-25,SKU-022,99
2025-09-01,SKU-022,427
2025-09-08,SKU-022,461
2025-09-15,SKU-022,191
2025-09-22,SKU-022,206
2025-09-29,SKU-022,366
2025-10-06,SKU-022,0
2025-10-13,SKU-022,46
2025-10-20,SKU-022,245
2025-10-27,SKU-022,471
2025-11-03,SKU-022,220
2025-11-10,SKU-022,282
2025-11-17,SKU-022,400
2025-11-24,SKU-022,506
2025-12-01,SKU-022,188
2025-12-08,SKU-022,247
2025-12-15,SKU-022,442
2025-12-22,SKU-022,75
2025-12-29,SKU-022,339
2026-01-05,SKU-022,123
2026-01-12,SKU-022,231
2026-01-19,SKU-022,192
2026-01-26,SKU-022,120
2026-02-02,SKU-022,116
2026-02-09,SKU-022,229
2026-02-16,SKU-022,291
2026-02-23,SKU-022,187
2026-03-02,SKU-022,204
2026-03-09,SKU-022,247
2026-03-16,SKU-022,111
2026-03-23,SKU-022,263
2026-03-30,SKU-022,272
2026-04-06,SKU-022,437
2026-04-13,SKU-022,169
2026-04-20,SKU-022,165
2026-04-27,SKU-022,285
2026-05-04,SKU-022,297
2026-05-11,SKU-022,169
2026-05-18,SKU-022,187
2026-05-25,SKU-022,291
2026-06-01,SKU-022,151
2026-06-08,SKU-022,202
2026-06-15,SKU-022,264
2026-06-22,SKU-022,378
2024-07-01,SKU-023,16
2024-07-08,SKU-023,17
2024-07-15,SKU-023,23
2024-07-22,SKU-023,21
2024-07-29,SKU-023,18
2024-08-05,SKU-023,16
2024-08-12,SKU-023,17
2024-08-19,SKU-023,19
2024-08-26,SKU-023,20
2024-09-02,SKU-023,15
2024-09-09,SKU-023,18
2024-09-16,SKU-023,10
2024-09-23,SKU-023,18
2024-09-30,SKU-023,20
2024-10-07,SKU-023,16
2024-10-14,SKU-023,23
2024-10-21,SKU-023,14
2024-10-28,SKU-023,17
2024-11-04,SKU-023,16
2024-11-11,SKU-023,16
2024-11-18,SKU-023,16
2024-11-25,SKU-023,16
2024-12-02,SKU-023,19
2024-12-09,SKU-023,20
2024-12-16,SKU-023,16
2024-12-23,SKU-023,18
2024-12-30,SKU-023,14
2025-01-06,SKU-023,18
2025-01-13,SKU-023,13
2025-01-20,SKU-023,19
2025-01-27,SKU-023,23
2025-02-03,SKU-023,15
2025-02-10,SKU-023,9
2025-02-17,SKU-023,14
2025-02-24,SKU-023,20
2025-03-03,SKU-023,18
2025-03-10,SKU-023,17
2025-03-17,SKU-023,19
2025-03-24,SKU-023,18
2025-03-31,SKU-023,20
2025-04-07,SKU-023,19
2025-04-14,SKU-023,21
2025-04-21,SKU-023,17
2025-04-28,SKU-023,19
2025-05-05,SKU-023,15
2025-05-12,SKU-023,14
2025-05-19,SKU-023,22
2025-05-26,SKU-023,17
2025-06-02,SKU-023,19
2025-06-09,SKU-023,17
2025-06-16,SKU-023,15
2025-06-23,SKU-023,16
2025-06-30,SKU-023,21
2025-07-07,SKU-023,18
2025-07-14,SKU-023,11
2025-07-21,SKU-023,16
2025-07-28,SKU-023,22
2025-08-04,SKU-023,15
2025-08-11,SKU-023,10
2025-08-18,SKU-023,22
2025-08-25,SKU-023,18
2025-09-01,SKU-023,16
2025-09-08,SKU-023,14
2025-09-15,SKU-023,19
2025-09-22,SKU-023,14
2025-09-29,SKU-023,19
2025-10-06,SKU-023,17
2025-10-13,SKU-023,16
2025-10-20,SKU-023,15
2025-10-27,SKU-023,14
2025-11-03,SKU-023,18
2025-11-10,SKU-023,12
2025-11-17,SKU-023,10
2025-11-24,SKU-023,16
2025-12-01,SKU-023,16
2025-12-08,SKU-023,15
2025-12-15,SKU-023,15
2025-12-22,SKU-023,13
2025-12-29,SKU-023,16
2026-01-05,SKU-023,14
2026-01-12,SKU-023,12
2026-01-19,SKU-023,13
2026-01-26,SKU-023,19
2026-02-02,SKU-023,9
2026-02-09,SKU-023,15
2026-02-16,SKU-023,9
2026-02-23,SKU-023,14
2026-03-02,SKU-023,13
2026-03-09,SKU-023,8
2026-03-16,SKU-023,15
2026-03-23,SKU-023,13
2026-03-30,SKU-023,8
2026-04-06,SKU-023,17
2026-04-13,SKU-023,18
2026-04-20,SKU-023,18
2026-04-27,SKU-023,15
2026-05-04,SKU-023,14
2026-05-11,SKU-023,18
2026-05-18,SKU-023,19
2026-05-25,SKU-023,18
2026-06-01,SKU-023,12
2026-06-08,SKU-023,15
2026-06-15,SKU-023,16
2026-06-22,SKU-023,9
2024-07-01,SKU-024,153
2024-07-08,SKU-024,231
2024-07-15,SKU-024,230
2024-07-22,SKU-024,141
2024-07-29,SKU-024,206
2024-08-05,SKU-024,166
2024-08-12,SKU-024,178
2024-08-19,SKU-024,179
2024-08-26,SKU-024,195
2024-09-02,SKU-024,165
2024-09-09,SKU-024,207
2024-09-16,SKU-024,172
2024-09-23,SKU-024,184
2024-09-30,SKU-024,138
2024-10-07,SKU-024,240
2024-10-14,SKU-024,187
2024-10-21,SKU-024,199
2024-10-28,SKU-024,121
2024-11-04,SKU-024,153
2024-11-11,SKU-024,234
2024-11-18,SKU-024,204
2024-11-25,SKU-024,122
2024-12-02,SKU-024,246
2024-12-09,SKU-024,187
2024-12-16,SKU-024,276
2024-12-23,SKU-024,217
2024-12-30,SKU-024,236
2025-01-06,SKU-024,287
2025-01-13,SKU-024,194
2025-01-20,SKU-024,194
2025-01-27,SKU-024,236
2025-02-03,SKU-024,291
2025-02-10,SKU-024,185
2025-02-17,SKU-024,170
2025-02-24,SKU-024,299
2025-03-03,SKU-024,227
2025-03-10,SKU-024,239
2025-03-17,SKU-024,163
2025-03-24,SKU-024,223
2025-03-31,SKU-024,256
2025-04-07,SKU-024,302
2025-04-14,SKU-024,213
2025-04-21,SKU-024,331
2025-04-28,SKU-024,211
2025-05-05,SKU-024,207
2025-05-12,SKU-024,308
2025-05-19,SKU-024,240
2025-05-26,SKU-024,200
2025-06-02,SKU-024,213
2025-06-09,SKU-024,272
2025-06-16,SKU-024,270
2025-06-23,SKU-024,170
2025-06-30,SKU-024,196
2025-07-07,SKU-024,197
2025-07-14,SKU-024,151
2025-07-21,SKU-024,182
2025-07-28,SKU-024,180
2025-08-04,SKU-024,217
2025-08-11,SKU-024,216
2025-08-18,SKU-024,160
2025-08-25,SKU-024,163
2025-09-01,SKU-024,192
2025-09-08,SKU-024,149
2025-09-15,SKU-024,189
2025-09-22,SKU-024,168
2025-09-29,SKU-024,139
2025-10-06,SKU-024,141
2025-10-13,SKU-024,230
2025-10-20,SKU-024,176
2025-10-27,SKU-024,247
2025-11-03,SKU-024,171
2025-11-10,SKU-024,207
2025-11-17,SKU-024,298
2025-11-24,SKU-024,163
2025-12-01,SKU-024,132
2025-12-08,SKU-024,275
2025-12-15,SKU-024,188
2025-12-22,SKU-024,230
2025-12-29,SKU-024,209
2026-01-05,SKU-024,255
2026-01-12,SKU-024,200
2026-01-19,SKU-024,243
2026-01-26,SKU-024,280
2026-02-02,SKU-024,208
2026-02-09,SKU-024,227
2026-02-16,SKU-024,248
2026-02-23,SKU-024,192
2026-03-02,SKU-024,247
2026-03-09,SKU-024,277
2026-03-16,SKU-024,248
2026-03-23,SKU-024,255
2026-03-30,SKU-024,267
2026-04-06,SKU-024,231
2026-04-13,SKU-024,299
2026-04-20,SKU-024,333
2026-04-27,SKU-024,231
2026-05-04,SKU-024,275
2026-05-11,SKU-024,234
2026-05-18,SKU-024,258
2026-05-25,SKU-024,309
2026-06-01,SKU-024,253
2026-06-08,SKU-024,144
2026-06-15,SKU-024,238
2026-06-22,SKU-024,264
2024-07-01,SKU-025,14
2024-07-08,SKU-025,15
2024-07-15,SKU-025,15
2024-07-22,SKU-025,17
2024-07-29,SKU-025,16
2024-08-05,SKU-025,18
2024-08-12,SKU-025,17
2024-08-19,SKU-025,16
2024-08-26,SKU-025,16
2024-09-02,SKU-025,16
2024-09-09,SKU-025,14
2024-09-16,SKU-025,16
2024-09-23,SKU-025,13
2024-09-30,SKU-025,15
2024-10-07,SKU-025,15
2024-10-14,SKU-025,14
2024-10-21,SKU-025,13
2024-10-28,SKU-025,14
2024-11-04,SKU-025,10
2024-11-11,SKU-025,13
2024-11-18,SKU-025,12
2024-11-25,SKU-025,12
2024-12-02,SKU-025,13
2024-12-09,SKU-025,12
2024-12-16,SKU-025,11
2024-12-23,SKU-025,12
2024-12-30,SKU-025,12
2025-01-06,SKU-025,12
2025-01-13,SKU-025,12
2025-01-20,SKU-025,13
2025-01-27,SKU-025,11
2025-02-03,SKU-025,13
2025-02-10,SKU-025,14
2025-02-17,SKU-025,11
2025-02-24,SKU-025,14
2025-03-03,SKU-025,13
2025-03-10,SKU-025,14
2025-03-17,SKU-025,13
2025-03-24,SKU-025,15
2025-03-31,SKU-025,17
2025-04-07,SKU-025,14
2025-04-14,SKU-025,14
2025-04-21,SKU-025,14
2025-04-28,SKU-025,19
2025-05-05,SKU-025,16
2025-05-12,SKU-025,17
2025-05-19,SKU-025,16
2025-05-26,SKU-025,16
2025-06-02,SKU-025,17
2025-06-09,SKU-025,21
2025-06-16,SKU-025,19
2025-06-23,SKU-025,16
2025-06-30,SKU-025,18
2025-07-07,SKU-025,16
2025-07-14,SKU-025,15
2025-07-21,SKU-025,19
2025-07-28,SKU-025,19
2025-08-04,SKU-025,18
2025-08-11,SKU-025,16
2025-08-18,SKU-025,16
2025-08-25,SKU-025,17
2025-09-01,SKU-025,16
2025-09-08,SKU-025,15
2025-09-15,SKU-025,13
2025-09-22,SKU-025,15
2025-09-29,SKU-025,16
2025-10-06,SKU-025,13
2025-10-13,SKU-025,15
2025-10-20,SKU-025,14
2025-10-27,SKU-025,14
2025-11-03,SKU-025,14
2025-11-10,SKU-025,12
2025-11-17,SKU-025,11
2025-11-24,SKU-025,12
2025-12-01,SKU-025,14
2025-12-08,SKU-025,12
2025-12-15,SKU-025,12
2025-12-22,SKU-025,11
2025-12-29,SKU-025,14
2026-01-05,SKU-025,13
2026-01-12,SKU-025,14
2026-01-19,SKU-025,14
2026-01-26,SKU-025,14
2026-02-02,SKU-025,13
2026-02-09,SKU-025,13
2026-02-16,SKU-025,13
2026-02-23,SKU-025,17
2026-03-02,SKU-025,15
2026-03-09,SKU-025,14
2026-03-16,SKU-025,16
2026-03-23,SKU-025,14
2026-03-30,SKU-025,18
2026-04-06,SKU-025,15
2026-04-13,SKU-025,17
2026-04-20,SKU-025,18
2026-04-27,SKU-025,17
2026-05-04,SKU-025,17
2026-05-11,SKU-025,17
2026-05-18,SKU-025,18
2026-05-25,SKU-025,17
2026-06-01,SKU-025,17
2026-06-08,SKU-025,20
2026-06-15,SKU-025,18
2026-06-22,SKU-025,17
2024-07-01,SKU-026,33
2024-07-08,SKU-026,37
2024-07-15,SKU-026,38
2024-07-22,SKU-026,33
2024-07-29,SKU-026,34
2024-08-05,SKU-026,38
2024-08-12,SKU-026,43
2024-08-19,SKU-026,32
2024-08-26,SKU-026,40
2024-09-02,SKU-026,35
2024-09-09,SKU-026,37
2024-09-16,SKU-026,38
2024-09-23,SKU-026,38
2024-09-30,SKU-026,38
2024-10-07,SKU-026,39
2024-10-14,SKU-026,37
2024-10-21,SKU-026,34
2024-10-28,SKU-026,40
2024-11-04,SKU-026,40
2024-11-11,SKU-026,40
2024-11-18,SKU-026,32
2024-11-25,SKU-026,37
2024-12-02,SKU-026,37
2024-12-09,SKU-026,32
2024-12-16,SKU-026,34
2024-12-23,SKU-026,33
2024-12-30,SKU-026,37
2025-01-06,SKU-026,37
2025-01-13,SKU-026,27
2025-01-20,SKU-026,37
2025-01-27,SKU-026,28
2025-02-03,SKU-026,32
2025-02-10,SKU-026,31
2025-02-17,SKU-026,26
2025-02-24,SKU-026,30
2025-03-03,SKU-026,28
2025-03-10,SKU-026,29
2025-03-17,SKU-026,29
2025-03-24,SKU-026,31
2025-03-31,SKU-026,29
2025-04-07,SKU-026,28
2025-04-14,SKU-026,32
2025-04-21,SKU-026,31
2025-04-28,SKU-026,32
2025-05-05,SKU-026,29
2025-05-12,SKU-026,29
2025-05-19,SKU-026,31
2025-05-26,SKU-026,31
2025-06-02,SKU-026,36
2025-06-09,SKU-026,37
2025-06-16,SKU-026,35
2025-06-23,SKU-026,40
2025-06-30,SKU-026,41
2025-07-07,SKU-026,38
2025-07-14,SKU-026,36
2025-07-21,SKU-026,44
2025-07-28,SKU-026,40
2025-08-04,SKU-026,41
2025-08-11,SKU-026,40
2025-08-18,SKU-026,39
2025-08-25,SKU-026,37
2025-09-01,SKU-026,44
2025-09-08,SKU-026,40
2025-09-15,SKU-026,53
2025-09-22,SKU-026,39
2025-09-29,SKU-026,38
2025-10-06,SKU-026,44
2025-10-13,SKU-026,47
2025-10-20,SKU-026,42
2025-10-27,SKU-026,43
2025-11-03,SKU-026,35
2025-11-10,SKU-026,38
2025-11-17,SKU-026,36
2025-11-24,SKU-026,33
2025-12-01,SKU-026,38
2025-12-08,SKU-026,31
2025-12-15,SKU-026,33
2025-12-22,SKU-026,34
2025-12-29,SKU-026,33
2026-01-05,SKU-026,35
2026-01-12,SKU-026,35
2026-01-19,SKU-026,35
2026-01-26,SKU-026,34
2026-02-02,SKU-026,35
2026-02-09,SKU-026,31
2026-02-16,SKU-026,32
2026-02-23,SKU-026,32
2026-03-02,SKU-026,31
2026-03-09,SKU-026,29
2026-03-16,SKU-026,30
2026-03-23,SKU-026,29
2026-03-30,SKU-026,32
2026-04-06,SKU-026,31
2026-04-13,SKU-026,30
2026-04-20,SKU-026,30
2026-04-27,SKU-026,29
2026-05-04,SKU-026,36
2026-05-11,SKU-026,34
2026-05-18,SKU-026,32
2026-05-25,SKU-026,38
2026-06-01,SKU-026,35
2026-06-08,SKU-026,33
2026-06-15,SKU-026,41
2026-06-22,SKU-026,37
2024-07-01,SKU-027,50
2024-07-08,SKU-027,27
2024-07-15,SKU-027,50
2024-07-22,SKU-027,64
2024-07-29,SKU-027,59
2024-08-05,SKU-027,60
2024-08-12,SKU-027,34
2024-08-19,SKU-027,50
2024-08-26,SKU-027,36
2024-09-02,SKU-027,44
2024-09-09,SKU-027,31
2024-09-16,SKU-027,37
2024-09-23,SKU-027,37
2024-09-30,SKU-027,51
2024-10-07,SKU-027,51
2024-10-14,SKU-027,47
2024-10-21,SKU-027,33
2024-10-28,SKU-027,44
2024-11-04,SKU-027,41
2024-11-11,SKU-027,58
2024-11-18,SKU-027,62
2024-11-25,SKU-027,63
2024-12-02,SKU-027,45
2024-12-09,SKU-027,25
2024-12-16,SKU-027,36
2024-12-23,SKU-027,74
2024-12-30,SKU-027,54
2025-01-06,SKU-027,51
2025-01-13,SKU-027,81
2025-01-20,SKU-027,77
2025-01-27,SKU-027,63
2025-02-03,SKU-027,59
2025-02-10,SKU-027,62
2025-02-17,SKU-027,67
2025-02-24,SKU-027,84
2025-03-03,SKU-027,69
2025-03-10,SKU-027,73
2025-03-17,SKU-027,78
2025-03-24,SKU-027,48
2025-03-31,SKU-027,71
2025-04-07,SKU-027,57
2025-04-14,SKU-027,30
2025-04-21,SKU-027,34
2025-04-28,SKU-027,46
2025-05-05,SKU-027,62
2025-05-12,SKU-027,56
2025-05-19,SKU-027,55
2025-05-26,SKU-027,72
2025-06-02,SKU-027,38
2025-06-09,SKU-027,49
2025-06-16,SKU-027,50
2025-06-23,SKU-027,39
2025-06-30,SKU-027,45
2025-07-07,SKU-027,30
2025-07-14,SKU-027,54
2025-07-21,SKU-027,36
2025-07-28,SKU-027,57
2025-08-04,SKU-027,39
2025-08-11,SKU-027,47
2025-08-18,SKU-027,38
2025-08-25,SKU-027,38
2025-09-01,SKU-027,33
2025-09-08,SKU-027,39
2025-09-15,SKU-027,40
2025-09-22,SKU-027,32
2025-09-29,SKU-027,38
2025-10-06,SKU-027,35
2025-10-13,SKU-027,59
2025-10-20,SKU-027,40
2025-10-27,SKU-027,55
2025-11-03,SKU-027,41
2025-11-10,SKU-027,46
2025-11-17,SKU-027,33
2025-11-24,SKU-027,42
2025-12-01,SKU-027,50
2025-12-08,SKU-027,65
2025-12-15,SKU-027,52
2025-12-22,SKU-027,66
2025-12-29,SKU-027,59
2026-01-05,SKU-027,71
2026-01-12,SKU-027,54
2026-01-19,SKU-027,81
2026-01-26,SKU-027,50
2026-02-02,SKU-027,48
2026-02-09,SKU-027,43
2026-02-16,SKU-027,84
2026-02-23,SKU-027,66
2026-03-02,SKU-027,53
2026-03-09,SKU-027,71
2026-03-16,SKU-027,64
2026-03-23,SKU-027,78
2026-03-30,SKU-027,38
2026-04-06,SKU-027,52
2026-04-13,SKU-027,49
2026-04-20,SKU-027,32
2026-04-27,SKU-027,62
2026-05-04,SKU-027,48
2026-05-11,SKU-027,56
2026-05-18,SKU-027,70
2026-05-25,SKU-027,43
2026-06-01,SKU-027,41
2026-06-08,SKU-027,45
2026-06-15,SKU-027,51
2026-06-22,SKU-027,36
2024-07-01,SKU-028,10
2024-07-08,SKU-028,10
2024-07-15,SKU-028,10
2024-07-22,SKU-028,8
2024-07-29,SKU-028,8
2024-08-05,SKU-028,9
2024-08-12,SKU-028,9
2024-08-19,SKU-028,9
2024-08-26,SKU-028,8
2024-09-02,SKU-028,8
2024-09-09,SKU-028,9
2024-09-16,SKU-028,8
2024-09-23,SKU-028,8
2024-09-30,SKU-028,7
2024-10-07,SKU-028,7
2024-10-14,SKU-028,7
2024-10-21,SKU-028,8
2024-10-28,SKU-028,7
2024-11-04,SKU-028,7
2024-11-11,SKU-028,7
2024-11-18,SKU-028,7
2024-11-25,SKU-028,7
2024-12-02,SKU-028,7
2024-12-09,SKU-028,7
2024-12-16,SKU-028,8
2024-12-23,SKU-028,8
2024-12-30,SKU-028,8
2025-01-06,SKU-028,7
2025-01-13,SKU-028,7
2025-01-20,SKU-028,8
2025-01-27,SKU-028,7
2025-02-03,SKU-028,7
2025-02-10,SKU-028,8
2025-02-17,SKU-028,8
2025-02-24,SKU-028,8
2025-03-03,SKU-028,8
2025-03-10,SKU-028,9
2025-03-17,SKU-028,9
2025-03-24,SKU-028,11
2025-03-31,SKU-028,9
2025-04-07,SKU-028,9
2025-04-14,SKU-028,9
2025-04-21,SKU-028,9
2025-04-28,SKU-028,9
2025-05-05,SKU-028,11
2025-05-12,SKU-028,9
2025-05-19,SKU-028,10
2025-05-26,SKU-028,9
2025-06-02,SKU-028,8
2025-06-09,SKU-028,10
2025-06-16,SKU-028,10
2025-06-23,SKU-028,8
2025-06-30,SKU-028,9
2025-07-07,SKU-028,7
2025-07-14,SKU-028,8
2025-07-21,SKU-028,9
2025-07-28,SKU-028,8
2025-08-04,SKU-028,7
2025-08-11,SKU-028,8
2025-08-18,SKU-028,7
2025-08-25,SKU-028,7
2025-09-01,SKU-028,8
2025-09-08,SKU-028,7
2025-09-15,SKU-028,7
2025-09-22,SKU-028,7
2025-09-29,SKU-028,7
2025-10-06,SKU-028,7
2025-10-13,SKU-028,6
2025-10-20,SKU-028,7
2025-10-27,SKU-028,6
2025-11-03,SKU-028,7
2025-11-10,SKU-028,6
2025-11-17,SKU-028,7
2025-11-24,SKU-028,6
2025-12-01,SKU-028,7
2025-12-08,SKU-028,7
2025-12-15,SKU-028,6
2025-12-22,SKU-028,6
2025-12-29,SKU-028,7
2026-01-05,SKU-028,7
2026-01-12,SKU-028,7
2026-01-19,SKU-028,7
2026-01-26,SKU-028,7
2026-02-02,SKU-028,7
2026-02-09,SKU-028,6
2026-02-16,SKU-028,7
2026-02-23,SKU-028,7
2026-03-02,SKU-028,8
2026-03-09,SKU-028,9
2026-03-16,SKU-028,8
2026-03-23,SKU-028,8
2026-03-30,SKU-028,8
2026-04-06,SKU-028,8
2026-04-13,SKU-028,8
2026-04-20,SKU-028,8
2026-04-27,SKU-028,7
2026-05-04,SKU-028,8
2026-05-11,SKU-028,8
2026-05-18,SKU-028,9
2026-05-25,SKU-028,8
2026-06-01,SKU-028,8
2026-06-08,SKU-028,8
2026-06-15,SKU-028,8
2026-06-22,SKU-028,8
2024-07-01,SKU-029,33
2024-07-08,SKU-029,33
2024-07-15,SKU-029,32
2024-07-22,SKU-029,35
2024-07-29,SKU-029,30
2024-08-05,SKU-029,38
2024-08-12,SKU-029,30
2024-08-19,SKU-029,31
2024-08-26,SKU-029,30
2024-09-02,SKU-029,32
2024-09-09,SKU-029,33
2024-09-16,SKU-029,30
2024-09-23,SKU-029,35
2024-09-30,SKU-029,31
2024-10-07,SKU-029,31
2024-10-14,SKU-029,28
2024-10-21,SKU-029,32
2024-10-28,SKU-029,30
2024-11-04,SKU-029,29
2024-11-11,SKU-029,29
2024-11-18,SKU-029,37
2024-11-25,SKU-029,30
2024-12-02,SKU-029,27
2024-12-09,SKU-029,29
2024-12-16,SKU-029,30
2024-12-23,SKU-029,31
2024-12-30,SKU-029,31
2025-01-06,SKU-029,32
2025-01-13,SKU-029,28
2025-01-20,SKU-029,31
2025-01-27,SKU-029,28
2025-02-03,SKU-029,28
2025-02-10,SKU-029,28
2025-02-17,SKU-029,27
2025-02-24,SKU-029,32
2025-03-03,SKU-029,31
2025-03-10,SKU-029,32
2025-03-17,SKU-029,30
2025-03-24,SKU-029,32
2025-03-31,SKU-029,26
2025-04-07,SKU-029,32
2025-04-14,SKU-029,30
2025-04-21,SKU-029,32
2025-04-28,SKU-029,31
2025-05-05,SKU-029,28
2025-05-12,SKU-029,27
2025-05-19,SKU-029,29
2025-05-26,SKU-029,32
2025-06-02,SKU-029,32
2025-06-09,SKU-029,27
2025-06-16,SKU-029,28
2025-06-23,SKU-029,29
2025-06-30,SKU-029,30
2025-07-07,SKU-029,28
2025-07-14,SKU-029,28
2025-07-21,SKU-029,29
2025-07-28,SKU-029,32
2025-08-04,SKU-029,28
2025-08-11,SKU-029,31
2025-08-18,SKU-029,34
2025-08-25,SKU-029,28
2025-09-01,SKU-029,31
2025-09-08,SKU-029,34
2025-09-15,SKU-029,31
2025-09-22,SKU-029,30
2025-09-29,SKU-029,35
2025-10-06,SKU-029,31
2025-10-13,SKU-029,34
2025-10-20,SKU-029,33
2025-10-27,SKU-029,31
2025-11-03,SKU-029,33
2025-11-10,SKU-029,32
2025-11-17,SKU-029,34
2025-11-24,SKU-029,30
2025-12-01,SKU-029,31
2025-12-08,SKU-029,31
2025-12-15,SKU-029,33
2025-12-22,SKU-029,29
2025-12-29,SKU-029,34
2026-01-05,SKU-029,32
2026-01-12,SKU-029,28
2026-01-19,SKU-029,34
2026-01-26,SKU-029,36
2026-02-02,SKU-029,33
2026-02-09,SKU-029,34
2026-02-16,SKU-029,31
2026-02-23,SKU-029,27
2026-03-02,SKU-029,26
2026-03-09,SKU-029,31
2026-03-16,SKU-029,29
2026-03-23,SKU-029,29
2026-03-30,SKU-029,31
2026-04-06,SKU-029,32
2026-04-13,SKU-029,27
2026-04-20,SKU-029,30
2026-04-27,SKU-029,35
2026-05-04,SKU-029,29
2026-05-11,SKU-029,33
2026-05-18,SKU-029,30
2026-05-25,SKU-029,33
2026-06-01,SKU-029,34
2026-06-08,SKU-029,34
2026-06-15,SKU-029,34
2026-06-22,SKU-029,29
2024-07-01,SKU-030,94
2024-07-08,SKU-030,85
2024-07-15,SKU-030,102
2024-07-22,SKU-030,84
2024-07-29,SKU-030,61
2024-08-05,SKU-030,103
2024-08-12,SKU-030,80
2024-08-19,SKU-030,93
2024-08-26,SKU-030,76
2024-09-02,SKU-030,115
2024-09-09,SKU-030,71
2024-09-16,SKU-030,80
2024-09-23,SKU-030,86
2024-09-30,SKU-030,65
2024-10-07,SKU-030,87
2024-10-14,SKU-030,106
2024-10-21,SKU-030,71
2024-10-28,SKU-030,83
2024-11-04,SKU-030,34
2024-11-11,SKU-030,72
2024-11-18,SKU-030,66
2024-11-25,SKU-030,58
2024-12-02,SKU-030,81
2024-12-09,SKU-030,61
2024-12-16,SKU-030,61
2024-12-23,SKU-030,57
2024-12-30,SKU-030,37
2025-01-06,SKU-030,45
2025-01-13,SKU-030,68
2025-01-20,SKU-030,32
2025-01-27,SKU-030,47
2025-02-03,SKU-030,50
2025-02-10,SKU-030,73
2025-02-17,SKU-030,63
2025-02-24,SKU-030,48
2025-03-03,SKU-030,69
2025-03-10,SKU-030,47
2025-03-17,SKU-030,68
2025-03-24,SKU-030,42
2025-03-31,SKU-030,72
2025-04-07,SKU-030,56
2025-04-14,SKU-030,50
2025-04-21,SKU-030,62
2025-04-28,SKU-030,71
2025-05-05,SKU-030,62
2025-05-12,SKU-030,79
2025-05-19,SKU-030,65
2025-05-26,SKU-030,85
2025-06-02,SKU-030,85
2025-06-09,SKU-030,79
2025-06-16,SKU-030,75
2025-06-23,SKU-030,87
2025-06-30,SKU-030,96
2025-07-07,SKU-030,124
2025-07-14,SKU-030,106
2025-07-21,SKU-030,109
2025-07-28,SKU-030,149
2025-08-04,SKU-030,102
2025-08-11,SKU-030,102
2025-08-18,SKU-030,107
2025-08-25,SKU-030,75
2025-09-01,SKU-030,85
2025-09-08,SKU-030,83
2025-09-15,SKU-030,104
2025-09-22,SKU-030,88
2025-09-29,SKU-030,92
2025-10-06,SKU-030,107
2025-10-13,SKU-030,101
2025-10-20,SKU-030,82
2025-10-27,SKU-030,71
2025-11-03,SKU-030,99
2025-11-10,SKU-030,90
2025-11-17,SKU-030,52
2025-11-24,SKU-030,69
2025-12-01,SKU-030,74
2025-12-08,SKU-030,81
2025-12-15,SKU-030,80
2025-12-22,SKU-030,70
2025-12-29,SKU-030,72
2026-01-05,SKU-030,63
2026-01-12,SKU-030,53
2026-01-19,SKU-030,57
2026-01-26,SKU-030,60
2026-02-02,SKU-030,58
2026-02-09,SKU-030,36
2026-02-16,SKU-030,54
2026-02-23,SKU-030,59
2026-03-02,SKU-030,56
2026-03-09,SKU-030,57
2026-03-16,SKU-030,67
2026-03-23,SKU-030,49
2026-03-30,SKU-030,43
2026-04-06,SKU-030,61
2026-04-13,SKU-030,78
2026-04-20,SKU-030,93
2026-04-27,SKU-030,83
2026-05-04,SKU-030,52
2026-05-11,SKU-030,73
2026-05-18,SKU-030,83
2026-05-25,SKU-030,84
2026-06-01,SKU-030,93
2026-06-08,SKU-030,70
2026-06-15,SKU-030,89
2026-06-22,SKU-030,98
2024-07-01,SKU-031,6
2024-07-08,SKU-031,5
2024-07-15,SKU-031,6
2024-07-22,SKU-031,5
2024-07-29,SKU-031,6
2024-08-05,SKU-031,5
2024-08-12,SKU-031,5
2024-08-19,SKU-031,5
2024-08-26,SKU-031,5
2024-09-02,SKU-031,5
2024-09-09,SKU-031,5
2024-09-16,SKU-031,4
2024-09-23,SKU-031,4
2024-09-30,SKU-031,4
2024-10-07,SKU-031,5
2024-10-14,SKU-031,4
2024-10-21,SKU-031,5
2024-10-28,SKU-031,4
2024-11-04,SKU-031,4
2024-11-11,SKU-031,4
2024-11-18,SKU-031,4
2024-11-25,SKU-031,4
2024-12-02,SKU-031,4
2024-12-09,SKU-031,4
2024-12-16,SKU-031,4
2024-12-23,SKU-031,4
2024-12-30,SKU-031,4
2025-01-06,SKU-031,4
2025-01-13,SKU-031,3
2025-01-20,SKU-031,4
2025-01-27,SKU-031,4
2025-02-03,SKU-031,3
2025-02-10,SKU-031,4
2025-02-17,SKU-031,4
2025-02-24,SKU-031,4
2025-03-03,SKU-031,5
2025-03-10,SKU-031,4
2025-03-17,SKU-031,4
2025-03-24,SKU-031,4
2025-03-31,SKU-031,5
2025-04-07,SKU-031,5
2025-04-14,SKU-031,5
2025-04-21,SKU-031,5
2025-04-28,SKU-031,6
2025-05-05,SKU-031,5
2025-05-12,SKU-031,5
2025-05-19,SKU-031,6
2025-05-26,SKU-031,6
2025-06-02,SKU-031,6
2025-06-09,SKU-031,5
2025-06-16,SKU-031,5
2025-06-23,SKU-031,5
2025-06-30,SKU-031,6
2025-07-07,SKU-031,5
2025-07-14,SKU-031,5
2025-07-21,SKU-031,5
2025-07-28,SKU-031,5
2025-08-04,SKU-031,6
2025-08-11,SKU-031,5
2025-08-18,SKU-031,6
2025-08-25,SKU-031,5
2025-09-01,SKU-031,5
2025-09-08,SKU-031,5
2025-09-15,SKU-031,4
2025-09-22,SKU-031,6
2025-09-29,SKU-031,5
2025-10-06,SKU-031,4
2025-10-13,SKU-031,4
2025-10-20,SKU-031,5
2025-10-27,SKU-031,4
2025-11-03,SKU-031,3
2025-11-10,SKU-031,4
2025-11-17,SKU-031,4
2025-11-24,SKU-031,4
2025-12-01,SKU-031,3
2025-12-08,SKU-031,4
2025-12-15,SKU-031,3
2025-12-22,SKU-031,4
2025-12-29,SKU-031,4
2026-01-05,SKU-031,4
2026-01-12,SKU-031,4
2026-01-19,SKU-031,4
2026-01-26,SKU-031,4
2026-02-02,SKU-031,4
2026-02-09,SKU-031,4
2026-02-16,SKU-031,4
2026-02-23,SKU-031,4
2026-03-02,SKU-031,4
2026-03-09,SKU-031,4
2026-03-16,SKU-031,4
2026-03-23,SKU-031,4
2026-03-30,SKU-031,5
2026-04-06,SKU-031,5
2026-04-13,SKU-031,5
2026-04-20,SKU-031,5
2026-04-27,SKU-031,5
2026-05-04,SKU-031,5
2026-05-11,SKU-031,5
2026-05-18,SKU-031,5
2026-05-25,SKU-031,6
2026-06-01,SKU-031,5
2026-06-08,SKU-031,5
2026-06-15,SKU-031,5
2026-06-22,SKU-031,5
2024-07-01,SKU-032,12
2024-07-08,SKU-032,11
2024-07-15,SKU-032,8
2024-07-22,SKU-032,12
2024-07-29,SKU-032,6
2024-08-05,SKU-032,10
2024-08-12,SKU-032,14
2024-08-19,SKU-032,11
2024-08-26,SKU-032,10
2024-09-02,SKU-032,14
2024-09-09,SKU-032,14
2024-09-16,SKU-032,15
2024-09-23,SKU-032,14
2024-09-30,SKU-032,15
2024-10-07,SKU-032,14
2024-10-14,SKU-032,13
2024-10-21,SKU-032,13
2024-10-28,SKU-032,12
2024-11-04,SKU-032,9
2024-11-11,SKU-032,10
2024-11-18,SKU-032,11
2024-11-25,SKU-032,13
2024-12-02,SKU-032,15
2024-12-09,SKU-032,12
2024-12-16,SKU-032,14
2024-12-23,SKU-032,14
2024-12-30,SKU-032,11
2025-01-06,SKU-032,12
2025-01-13,SKU-032,10
2025-01-20,SKU-032,13
2025-01-27,SKU-032,11
2025-02-03,SKU-032,8
2025-02-10,SKU-032,10
2025-02-17,SKU-032,13
2025-02-24,SKU-032,9
2025-03-03,SKU-032,10
2025-03-10,SKU-032,10
2025-03-17,SKU-032,7
2025-03-24,SKU-032,10
2025-03-31,SKU-032,7
2025-04-07,SKU-032,8
2025-04-14,SKU-032,11
2025-04-21,SKU-032,10
2025-04-28,SKU-032,9
2025-05-05,SKU-032,10
2025-05-12,SKU-032,9
2025-05-19,SKU-032,10
2025-05-26,SKU-032,11
2025-06-02,SKU-032,9
2025-06-09,SKU-032,11
2025-06-16,SKU-032,10
2025-06-23,SKU-032,8
2025-06-30,SKU-032,9
2025-07-07,SKU-032,15
2025-07-14,SKU-032,13
2025-07-21,SKU-032,9
2025-07-28,SKU-032,9
2025-08-04,SKU-032,13
2025-08-11,SKU-032,17
2025-08-18,SKU-032,13
2025-08-25,SKU-032,17
2025-09-01,SKU-032,15
2025-09-08,SKU-032,15
2025-09-15,SKU-032,10
2025-09-22,SKU-032,17
2025-09-29,SKU-032,13
2025-10-06,SKU-032,17
2025-10-13,SKU-032,12
2025-10-20,SKU-032,15
2025-10-27,SKU-032,15
2025-11-03,SKU-032,14
2025-11-10,SKU-032,15
2025-11-17,SKU-032,13
2025-11-24,SKU-032,12
2025-12-01,SKU-032,18
2025-12-08,SKU-032,16
2025-12-15,SKU-032,11
2025-12-22,SKU-032,15
2025-12-29,SKU-032,11
2026-01-05,SKU-032,10
2026-01-12,SKU-032,15
2026-01-19,SKU-032,8
2026-01-26,SKU-032,14
2026-02-02,SKU-032,11
2026-02-09,SKU-032,11
2026-02-16,SKU-032,12
2026-02-23,SKU-032,12
2026-03-02,SKU-032,9
2026-03-09,SKU-032,12
2026-03-16,SKU-032,11
2026-03-23,SKU-032,8
2026-03-30,SKU-032,10
2026-04-06,SKU-032,13
2026-04-13,SKU-032,14
2026-04-20,SKU-032,12
2026-04-27,SKU-032,8
2026-05-04,SKU-032,12
2026-05-11,SKU-032,13
2026-05-18,SKU-032,13
2026-05-25,SKU-032,13
2026-06-01,SKU-032,13
2026-06-08,SKU-032,12
2026-06-15,SKU-032,11
2026-06-22,SKU-032,8
2024-07-01,SKU-033,16
2024-07-08,SKU-033,19
2024-07-15,SKU-033,15
2024-07-22,SKU-033,17
2024-07-29,SKU-033,15
2024-08-05,SKU-033,16
2024-08-12,SKU-033,17
2024-08-19,SKU-033,19
2024-08-26,SKU-033,20
2024-09-02,SKU-033,18
2024-09-09,SKU-033,17
2024-09-16,SKU-033,21
2024-09-23,SKU-033,17
2024-09-30,SKU-033,17
2024-10-07,SKU-033,15
2024-10-14,SKU-033,20
2024-10-21,SKU-033,19
2024-10-28,SKU-033,22
2024-11-04,SKU-033,16
2024-11-11,SKU-033,20
2024-11-18,SKU-033,18
2024-11-25,SKU-033,19
2024-12-02,SKU-033,16
2024-12-09,SKU-033,20
2024-12-16,SKU-033,19
2024-12-23,SKU-033,18
2024-12-30,SKU-033,19
2025-01-06,SKU-033,17
2025-01-13,SKU-033,17
2025-01-20,SKU-033,17
2025-01-27,SKU-033,15
2025-02-03,SKU-033,18
2025-02-10,SKU-033,19
2025-02-17,SKU-033,16
2025-02-24,SKU-033,17
2025-03-03,SKU-033,16
2025-03-10,SKU-033,17
2025-03-17,SKU-033,16
2025-03-24,SKU-033,15
2025-03-31,SKU-033,18
2025-04-07,SKU-033,16
2025-04-14,SKU-033,19
2025-04-21,SKU-033,16
2025-04-28,SKU-033,15
2025-05-05,SKU-033,18
2025-05-12,SKU-033,17
2025-05-19,SKU-033,17
2025-05-26,SKU-033,18
2025-06-02,SKU-033,16
2025-06-09,SKU-033,17
2025-06-16,SKU-033,17
2025-06-23,SKU-033,15
2025-06-30,SKU-033,17
2025-07-07,SKU-033,19
2025-07-14,SKU-033,18
2025-07-21,SKU-033,16
2025-07-28,SKU-033,16
2025-08-04,SKU-033,21
2025-08-11,SKU-033,18
2025-08-18,SKU-033,18
2025-08-25,SKU-033,18
2025-09-01,SKU-033,17
2025-09-08,SKU-033,21
2025-09-15,SKU-033,19
2025-09-22,SKU-033,21
2025-09-29,SKU-033,20
2025-10-06,SKU-033,22
2025-10-13,SKU-033,20
2025-10-20,SKU-033,21
2025-10-27,SKU-033,21
2025-11-03,SKU-033,21
2025-11-10,SKU-033,20
2025-11-17,SKU-033,19
2025-11-24,SKU-033,23
2025-12-01,SKU-033,18
2025-12-08,SKU-033,20
2025-12-15,SKU-033,20
2025-12-22,SKU-033,20
2025-12-29,SKU-033,19
2026-01-05,SKU-033,20
2026-01-12,SKU-033,19
2026-01-19,SKU-033,17
2026-01-26,SKU-033,19
2026-02-02,SKU-033,17
2026-02-09,SKU-033,16
2026-02-16,SKU-033,19
2026-02-23,SKU-033,19
2026-03-02,SKU-033,19
2026-03-09,SKU-033,19
2026-03-16,SKU-033,15
2026-03-23,SKU-033,16
2026-03-30,SKU-033,21
2026-04-06,SKU-033,16
2026-04-13,SKU-033,19
2026-04-20,SKU-033,17
2026-04-27,SKU-033,18
2026-05-04,SKU-033,17
2026-05-11,SKU-033,19
2026-05-18,SKU-033,18
2026-05-25,SKU-033,17
2026-06-01,SKU-033,17
2026-06-08,SKU-033,19
2026-06-15,SKU-033,17
2026-06-22,SKU-033,19
2024-07-01,SKU-034,34
2024-07-08,SKU-034,45
2024-07-15,SKU-034,25
2024-07-22,SKU-034,22
2024-07-29,SKU-034,48
2024-08-05,SKU-034,29
2024-08-12,SKU-034,32
2024-08-19,SKU-034,31
2024-08-26,SKU-034,60
2024-09-02,SKU-034,43
2024-09-09,SKU-034,45
2024-09-16,SKU-034,62
2024-09-23,SKU-034,45
2024-09-30,SKU-034,42
2024-10-07,SKU-034,59
2024-10-14,SKU-034,63
2024-10-21,SKU-034,45
2024-10-28,SKU-034,50
2024-11-04,SKU-034,31
2024-11-11,SKU-034,30
2024-11-18,SKU-034,65
2024-11-25,SKU-034,58
2024-12-02,SKU-034,58
2024-12-09,SKU-034,54
2024-12-16,SKU-034,49
2024-12-23,SKU-034,63
2024-12-30,SKU-034,67
2025-01-06,SKU-034,67
2025-01-13,SKU-034,45
2025-01-20,SKU-034,76
2025-01-27,SKU-034,51
2025-02-03,SKU-034,59
2025-02-10,SKU-034,52
2025-02-17,SKU-034,51
2025-02-24,SKU-034,30
2025-03-03,SKU-034,59
2025-03-10,SKU-034,102
2025-03-17,SKU-034,37
2025-03-24,SKU-034,45
2025-03-31,SKU-034,35
2025-04-07,SKU-034,34
2025-04-14,SKU-034,73
2025-04-21,SKU-034,30
2025-04-28,SKU-034,33
2025-05-05,SKU-034,12
2025-05-12,SKU-034,28
2025-05-19,SKU-034,10
2025-05-26,SKU-034,53
2025-06-02,SKU-034,93
2025-06-09,SKU-034,34
2025-06-16,SKU-034,10
2025-06-23,SKU-034,57
2025-06-30,SKU-034,27
2025-07-07,SKU-034,64
2025-07-14,SKU-034,35
2025-07-21,SKU-034,29
2025-07-28,SKU-034,37
2025-08-04,SKU-034,54
2025-08-11,SKU-034,36
2025-08-18,SKU-034,31
2025-08-25,SKU-034,36
2025-09-01,SKU-034,17
2025-09-08,SKU-034,47
2025-09-15,SKU-034,8
2025-09-22,SKU-034,32
2025-09-29,SKU-034,53
2025-10-06,SKU-034,45
2025-10-13,SKU-034,50
2025-10-20,SKU-034,38
2025-10-27,SKU-034,60
2025-11-03,SKU-034,56
2025-11-10,SKU-034,47
2025-11-17,SKU-034,56
2025-11-24,SKU-034,52
2025-12-01,SKU-034,31
2025-12-08,SKU-034,15
2025-12-15,SKU-034,46
2025-12-22,SKU-034,48
2025-12-29,SKU-034,57
2026-01-05,SKU-034,22
2026-01-12,SKU-034,22
2026-01-19,SKU-034,45
2026-01-26,SKU-034,36
2026-02-02,SKU-034,6
2026-02-09,SKU-034,43
2026-02-16,SKU-034,6
2026-02-23,SKU-034,21
2026-03-02,SKU-034,58
2026-03-09,SKU-034,65
2026-03-16,SKU-034,16
2026-03-23,SKU-034,30
2026-03-30,SKU-034,36
2026-04-06,SKU-034,62
2026-04-13,SKU-034,27
2026-04-20,SKU-034,27
2026-04-27,SKU-034,57
2026-05-04,SKU-034,28
2026-05-11,SKU-034,44
2026-05-18,SKU-034,11
2026-05-25,SKU-034,30
2026-06-01,SKU-034,8
2026-06-08,SKU-034,17
2026-06-15,SKU-034,44
2026-06-22,SKU-034,31
2024-07-01,SKU-035,68
2024-07-08,SKU-035,74
2024-07-15,SKU-035,70
2024-07-22,SKU-035,61
2024-07-29,SKU-035,57
2024-08-05,SKU-035,59
2024-08-12,SKU-035,75
2024-08-19,SKU-035,51
2024-08-26,SKU-035,58
2024-09-02,SKU-035,60
2024-09-09,SKU-035,76
2024-09-16,SKU-035,54
2024-09-23,SKU-035,69
2024-09-30,SKU-035,72
2024-10-07,SKU-035,58
2024-10-14,SKU-035,57
2024-10-21,SKU-035,56
2024-10-28,SKU-035,58
2024-11-04,SKU-035,73
2024-11-11,SKU-035,67
2024-11-18,SKU-035,69
2024-11-25,SKU-035,52
2024-12-02,SKU-035,56
2024-12-09,SKU-035,102
2024-12-16,SKU-035,71
2024-12-23,SKU-035,64
2024-12-30,SKU-035,101
2025-01-06,SKU-035,85
2025-01-13,SKU-035,92
2025-01-20,SKU-035,82
2025-01-27,SKU-035,81
2025-02-03,SKU-035,85
2025-02-10,SKU-035,65
2025-02-17,SKU-035,90
2025-02-24,SKU-035,98
2025-03-03,SKU-035,128
2025-03-10,SKU-035,96
2025-03-17,SKU-035,51
2025-03-24,SKU-035,94
2025-03-31,SKU-035,148
2025-04-07,SKU-035,112
2025-04-14,SKU-035,79
2025-04-21,SKU-035,105
2025-04-28,SKU-035,79
2025-05-05,SKU-035,67
2025-05-12,SKU-035,85
2025-05-19,SKU-035,91
2025-05-26,SKU-035,55
2025-06-02,SKU-035,66
2025-06-09,SKU-035,85
2025-06-16,SKU-035,76
2025-06-23,SKU-035,87
2025-06-30,SKU-035,60
2025-07-07,SKU-035,88
2025-07-14,SKU-035,57
2025-07-21,SKU-035,97
2025-07-28,SKU-035,47
2025-08-04,SKU-035,55
2025-08-11,SKU-035,74
2025-08-18,SKU-035,90
2025-08-25,SKU-035,71
2025-09-01,SKU-035,73
2025-09-08,SKU-035,65
2025-09-15,SKU-035,52
2025-09-22,SKU-035,59
2025-09-29,SKU-035,49
2025-10-06,SKU-035,49
2025-10-13,SKU-035,72
2025-10-20,SKU-035,52
2025-10-27,SKU-035,73
2025-11-03,SKU-035,52
2025-11-10,SKU-035,76
2025-11-17,SKU-035,67
2025-11-24,SKU-035,97
2025-12-01,SKU-035,83
2025-12-08,SKU-035,100
2025-12-15,SKU-035,70
2025-12-22,SKU-035,86
2025-12-29,SKU-035,70
2026-01-05,SKU-035,83
2026-01-12,SKU-035,87
2026-01-19,SKU-035,81
2026-01-26,SKU-035,73
2026-02-02,SKU-035,71
2026-02-09,SKU-035,53
2026-02-16,SKU-035,81
2026-02-23,SKU-035,116
2026-03-02,SKU-035,71
2026-03-09,SKU-035,77
2026-03-16,SKU-035,144
2026-03-23,SKU-035,93
2026-03-30,SKU-035,113
2026-04-06,SKU-035,120
2026-04-13,SKU-035,120
2026-04-20,SKU-035,73
2026-04-27,SKU-035,99
2026-05-04,SKU-035,70
2026-05-11,SKU-035,151
2026-05-18,SKU-035,68
2026-05-25,SKU-035,78
2026-06-01,SKU-035,76
2026-06-08,SKU-035,66
2026-06-15,SKU-035,117
2026-06-22,SKU-035,133
2024-07-01,SKU-036,44
2024-07-08,SKU-036,43
2024-07-15,SKU-036,41
2024-07-22,SKU-036,49
2024-07-29,SKU-036,47
2024-08-05,SKU-036,52
2024-08-12,SKU-036,52
2024-08-19,SKU-036,44
2024-08-26,SKU-036,45
2024-09-02,SKU-036,48
2024-09-09,SKU-036,48
2024-09-16,SKU-036,56
2024-09-23,SKU-036,54
2024-09-30,SKU-036,58
2024-10-07,SKU-036,55
2024-10-14,SKU-036,54
2024-10-21,SKU-036,58
2024-10-28,SKU-036,54
2024-11-04,SKU-036,52
2024-11-11,SKU-036,58
2024-11-18,SKU-036,51
2024-11-25,SKU-036,49
2024-12-02,SKU-036,46
2024-12-09,SKU-036,51
2024-12-16,SKU-036,52
2024-12-23,SKU-036,46
2024-12-30,SKU-036,49
2025-01-06,SKU-036,37
2025-01-13,SKU-036,42
2025-01-20,SKU-036,41
2025-01-27,SKU-036,38
2025-02-03,SKU-036,47
2025-02-10,SKU-036,38
2025-02-17,SKU-036,36
2025-02-24,SKU-036,37
2025-03-03,SKU-036,30
2025-03-10,SKU-036,33
2025-03-17,SKU-036,38
2025-03-24,SKU-036,33
2025-03-31,SKU-036,32
2025-04-07,SKU-036,38
2025-04-14,SKU-036,38
2025-04-21,SKU-036,36
2025-04-28,SKU-036,34
2025-05-05,SKU-036,35
2025-05-12,SKU-036,34
2025-05-19,SKU-036,34
2025-05-26,SKU-036,34
2025-06-02,SKU-036,36
2025-06-09,SKU-036,36
2025-06-16,SKU-036,35
2025-06-23,SKU-036,42
2025-06-30,SKU-036,43
2025-07-07,SKU-036,49
2025-07-14,SKU-036,42
2025-07-21,SKU-036,47
2025-07-28,SKU-036,48
2025-08-04,SKU-036,47
2025-08-11,SKU-036,52
2025-08-18,SKU-036,53
2025-08-25,SKU-036,52
2025-09-01,SKU-036,50
2025-09-08,SKU-036,50
2025-09-15,SKU-036,46
2025-09-22,SKU-036,49
2025-09-29,SKU-036,50
2025-10-06,SKU-036,48
2025-10-13,SKU-036,55
2025-10-20,SKU-036,57
2025-10-27,SKU-036,48
2025-11-03,SKU-036,53
2025-11-10,SKU-036,47
2025-11-17,SKU-036,49
2025-11-24,SKU-036,47
2025-12-01,SKU-036,51
2025-12-08,SKU-036,45
2025-12-15,SKU-036,50
2025-12-22,SKU-036,45
2025-12-29,SKU-036,42
2026-01-05,SKU-036,39
2026-01-12,SKU-036,43
2026-01-19,SKU-036,44
2026-01-26,SKU-036,41
2026-02-02,SKU-036,46
2026-02-09,SKU-036,42
2026-02-16,SKU-036,36
2026-02-23,SKU-036,35
2026-03-02,SKU-036,37
2026-03-09,SKU-036,33
2026-03-16,SKU-036,38
2026-03-23,SKU-036,35
2026-03-30,SKU-036,35
2026-04-06,SKU-036,36
2026-04-13,SKU-036,39
2026-04-20,SKU-036,35
2026-04-27,SKU-036,34
2026-05-04,SKU-036,39
2026-05-11,SKU-036,38
2026-05-18,SKU-036,35
2026-05-25,SKU-036,37
2026-06-01,SKU-036,39
2026-06-08,SKU-036,40
2026-06-15,SKU-036,36
2026-06-22,SKU-036,36
2024-07-01,SKU-037,90
2024-07-08,SKU-037,91
2024-07-15,SKU-037,83
2024-07-22,SKU-037,90
2024-07-29,SKU-037,107
2024-08-05,SKU-037,92
2024-08-12,SKU-037,88
2024-08-19,SKU-037,94
2024-08-26,SKU-037,98
2024-09-02,SKU-037,97
2024-09-09,SKU-037,100
2024-09-16,SKU-037,90
2024-09-23,SKU-037,95
2024-09-30,SKU-037,103
2024-10-07,SKU-037,104
2024-10-14,SKU-037,102
2024-10-21,SKU-037,106
2024-10-28,SKU-037,109
2024-11-04,SKU-037,117
2024-11-11,SKU-037,109
2024-11-18,SKU-037,113
2024-11-25,SKU-037,105
2024-12-02,SKU-037,115
2024-12-09,SKU-037,113
2024-12-16,SKU-037,117
2024-12-23,SKU-037,115
2024-12-30,SKU-037,113
2025-01-06,SKU-037,106
2025-01-13,SKU-037,108
2025-01-20,SKU-037,113
2025-01-27,SKU-037,98
2025-02-03,SKU-037,97
2025-02-10,SKU-037,102
2025-02-17,SKU-037,102
2025-02-24,SKU-037,91
2025-03-03,SKU-037,95
2025-03-10,SKU-037,93
2025-03-17,SKU-037,76
2025-03-24,SKU-037,90
2025-03-31,SKU-037,89
2025-04-07,SKU-037,87
2025-04-14,SKU-037,97
2025-04-21,SKU-037,78
2025-04-28,SKU-037,80
2025-05-05,SKU-037,67
2025-05-12,SKU-037,81
2025-05-19,SKU-037,82
2025-05-26,SKU-037,81
2025-06-02,SKU-037,92
2025-06-09,SKU-037,91
2025-06-16,SKU-037,86
2025-06-23,SKU-037,83
2025-06-30,SKU-037,94
2025-07-07,SKU-037,88
2025-07-14,SKU-037,83
2025-07-21,SKU-037,78
2025-07-28,SKU-037,88
2025-08-04,SKU-037,99
2025-08-11,SKU-037,112
2025-08-18,SKU-037,96
2025-08-25,SKU-037,92
2025-09-01,SKU-037,90
2025-09-08,SKU-037,105
2025-09-15,SKU-037,88
2025-09-22,SKU-037,108
2025-09-29,SKU-037,112
2025-10-06,SKU-037,110
2025-10-13,SKU-037,106
2025-10-20,SKU-037,113
2025-10-27,SKU-037,111
2025-11-03,SKU-037,103
2025-11-10,SKU-037,127
2025-11-17,SKU-037,108
2025-11-24,SKU-037,118
2025-12-01,SKU-037,89
2025-12-08,SKU-037,122
2025-12-15,SKU-037,123
2025-12-22,SKU-037,110
2025-12-29,SKU-037,114
2026-01-05,SKU-037,113
2026-01-12,SKU-037,101
2026-01-19,SKU-037,110
2026-01-26,SKU-037,97
2026-02-02,SKU-037,98
2026-02-09,SKU-037,110
2026-02-16,SKU-037,107
2026-02-23,SKU-037,92
2026-03-02,SKU-037,91
2026-03-09,SKU-037,90
2026-03-16,SKU-037,99
2026-03-23,SKU-037,85
2026-03-30,SKU-037,93
2026-04-06,SKU-037,95
2026-04-13,SKU-037,88
2026-04-20,SKU-037,94
2026-04-27,SKU-037,84
2026-05-04,SKU-037,84
2026-05-11,SKU-037,79
2026-05-18,SKU-037,92
2026-05-25,SKU-037,80
2026-06-01,SKU-037,87
2026-06-08,SKU-037,85
2026-06-15,SKU-037,79
2026-06-22,SKU-037,82
2024-07-01,SKU-038,48
2024-07-08,SKU-038,67
2024-07-15,SKU-038,34
2024-07-22,SKU-038,57
2024-07-29,SKU-038,80
2024-08-05,SKU-038,58
2024-08-12,SKU-038,40
2024-08-19,SKU-038,59
2024-08-26,SKU-038,86
2024-09-02,SKU-038,75
2024-09-09,SKU-038,60
2024-09-16,SKU-038,64
2024-09-23,SKU-038,69
2024-09-30,SKU-038,86
2024-10-07,SKU-038,104
2024-10-14,SKU-038,102
2024-10-21,SKU-038,95
2024-10-28,SKU-038,65
2024-11-04,SKU-038,66
2024-11-11,SKU-038,101
2024-11-18,SKU-038,68
2024-11-25,SKU-038,89
2024-12-02,SKU-038,100
2024-12-09,SKU-038,73
2024-12-16,SKU-038,75
2024-12-23,SKU-038,92
2024-12-30,SKU-038,102
2025-01-06,SKU-038,111
2025-01-13,SKU-038,101
2025-01-20,SKU-038,90
2025-01-27,SKU-038,74
2025-02-03,SKU-038,67
2025-02-10,SKU-038,74
2025-02-17,SKU-038,87
2025-02-24,SKU-038,83
2025-03-03,SKU-038,44
2025-03-10,SKU-038,61
2025-03-17,SKU-038,87
2025-03-24,SKU-038,68
2025-03-31,SKU-038,46
2025-04-07,SKU-038,92
2025-04-14,SKU-038,60
2025-04-21,SKU-038,62
2025-04-28,SKU-038,60
2025-05-05,SKU-038,50
2025-05-12,SKU-038,45
2025-05-19,SKU-038,74
2025-05-26,SKU-038,61
2025-06-02,SKU-038,59
2025-06-09,SKU-038,56
2025-06-16,SKU-038,41
2025-06-23,SKU-038,64
2025-06-30,SKU-038,43
2025-07-07,SKU-038,56
2025-07-14,SKU-038,37
2025-07-21,SKU-038,33
2025-07-28,SKU-038,62
2025-08-04,SKU-038,50
2025-08-11,SKU-038,38
2025-08-18,SKU-038,72
2025-08-25,SKU-038,96
2025-09-01,SKU-038,90
2025-09-08,SKU-038,69
2025-09-15,SKU-038,76
2025-09-22,SKU-038,92
2025-09-29,SKU-038,99
2025-10-06,SKU-038,77
2025-10-13,SKU-038,86
2025-10-20,SKU-038,93
2025-10-27,SKU-038,99
2025-11-03,SKU-038,89
2025-11-10,SKU-038,90
2025-11-17,SKU-038,120
2025-11-24,SKU-038,117
2025-12-01,SKU-038,104
2025-12-08,SKU-038,128
2025-12-15,SKU-038,88
2025-12-22,SKU-038,125
2025-12-29,SKU-038,104
2026-01-05,SKU-038,153
2026-01-12,SKU-038,70
2026-01-19,SKU-038,77
2026-01-26,SKU-038,95
2026-02-02,SKU-038,93
2026-02-09,SKU-038,116
2026-02-16,SKU-038,70
2026-02-23,SKU-038,93
2026-03-02,SKU-038,93
2026-03-09,SKU-038,83
2026-03-16,SKU-038,57
2026-03-23,SKU-038,87
2026-03-30,SKU-038,81
2026-04-06,SKU-038,70
2026-04-13,SKU-038,63
2026-04-20,SKU-038,61
2026-04-27,SKU-038,56
2026-05-04,SKU-038,62
2026-05-11,SKU-038,54
2026-05-18,SKU-038,44
2026-05-25,SKU-038,41
2026-06-01,SKU-038,44
2026-06-08,SKU-038,53
2026-06-15,SKU-038,51
2026-06-22,SKU-038,54
2024-07-01,SKU-039,64
2024-07-08,SKU-039,10
2024-07-15,SKU-039,72
2024-07-22,SKU-039,82
2024-07-29,SKU-039,42
2024-08-05,SKU-039,58
2024-08-12,SKU-039,79
2024-08-19,SKU-039,42
2024-08-26,SKU-039,76
2024-09-02,SKU-039,39
2024-09-09,SKU-039,44
2024-09-16,SKU-039,36
2024-09-23,SKU-039,65
2024-09-30,SKU-039,85
2024-10-07,SKU-039,51
2024-10-14,SKU-039,24
2024-10-21,SKU-039,28
2024-10-28,SKU-039,63
2024-11-04,SKU-039,96
2024-11-11,SKU-039,61
2024-11-18,SKU-039,41
2024-11-25,SKU-039,66
2024-12-02,SKU-039,42
2024-12-09,SKU-039,38
2024-12-16,SKU-039,25
2024-12-23,SKU-039,69
2024-12-30,SKU-039,0
2025-01-06,SKU-039,53
2025-01-13,SKU-039,30
2025-01-20,SKU-039,30
2025-01-27,SKU-039,61
2025-02-03,SKU-039,23
2025-02-10,SKU-039,23
2025-02-17,SKU-039,30
2025-02-24,SKU-039,36
2025-03-03,SKU-039,24
2025-03-10,SKU-039,9
2025-03-17,SKU-039,18
2025-03-24,SKU-039,46
2025-03-31,SKU-039,30
2025-04-07,SKU-039,35
2025-04-14,SKU-039,26
2025-04-21,SKU-039,21
2025-04-28,SKU-039,55
2025-05-05,SKU-039,30
2025-05-12,SKU-039,27
2025-05-19,SKU-039,52
2025-05-26,SKU-039,24
2025-06-02,SKU-039,27
2025-06-09,SKU-039,39
2025-06-16,SKU-039,41
2025-06-23,SKU-039,47
2025-06-30,SKU-039,85
2025-07-07,SKU-039,52
2025-07-14,SKU-039,0
2025-07-21,SKU-039,55
2025-07-28,SKU-039,50
2025-08-04,SKU-039,52
2025-08-11,SKU-039,58
2025-08-18,SKU-039,52
2025-08-25,SKU-039,52
2025-09-01,SKU-039,69
2025-09-08,SKU-039,41
2025-09-15,SKU-039,31
2025-09-22,SKU-039,130
2025-09-29,SKU-039,37
2025-10-06,SKU-039,57
2025-10-13,SKU-039,18
2025-10-20,SKU-039,56
2025-10-27,SKU-039,30
2025-11-03,SKU-039,41
2025-11-10,SKU-039,74
2025-11-17,SKU-039,60
2025-11-24,SKU-039,60
2025-12-01,SKU-039,9
2025-12-08,SKU-039,82
2025-12-15,SKU-039,20
2025-12-22,SKU-039,70
2025-12-29,SKU-039,59
2026-01-05,SKU-039,49
2026-01-12,SKU-039,23
2026-01-19,SKU-039,38
2026-01-26,SKU-039,27
2026-02-02,SKU-039,33
2026-02-09,SKU-039,28
2026-02-16,SKU-039,3
2026-02-23,SKU-039,45
2026-03-02,SKU-039,28
2026-03-09,SKU-039,23
2026-03-16,SKU-039,21
2026-03-23,SKU-039,33
2026-03-30,SKU-039,17
2026-04-06,SKU-039,0
2026-04-13,SKU-039,35
2026-04-20,SKU-039,37
2026-04-27,SKU-039,28
2026-05-04,SKU-039,15
2026-05-11,SKU-039,34
2026-05-18,SKU-039,12
2026-05-25,SKU-039,19
2026-06-01,SKU-039,24
2026-06-08,SKU-039,53
2026-06-15,SKU-039,33
2026-06-22,SKU-039,33
2024-07-01,SKU-040,45
2024-07-08,SKU-040,45
2024-07-15,SKU-040,62
2024-07-22,SKU-040,14
2024-07-29,SKU-040,32
2024-08-05,SKU-040,21
2024-08-12,SKU-040,73
2024-08-19,SKU-040,54
2024-08-26,SKU-040,0
2024-09-02,SKU-040,11
2024-09-09,SKU-040,32
2024-09-16,SKU-040,26
2024-09-23,SKU-040,13
2024-09-30,SKU-040,56
2024-10-07,SKU-040,33
2024-10-14,SKU-040,34
2024-10-21,SKU-040,18
2024-10-28,SKU-040,35
2024-11-04,SKU-040,21
2024-11-11,SKU-040,22
2024-11-18,SKU-040,32
2024-11-25,SKU-040,7
2024-12-02,SKU-040,44
2024-12-09,SKU-040,28
2024-12-16,SKU-040,42
2024-12-23,SKU-040,14
2024-12-30,SKU-040,17
2025-01-06,SKU-040,14
2025-01-13,SKU-040,34
2025-01-20,SKU-040,33
2025-01-27,SKU-040,27
2025-02-03,SKU-040,19
2025-02-10,SKU-040,16
2025-02-17,SKU-040,37
2025-02-24,SKU-040,31
2025-03-03,SKU-040,29
2025-03-10,SKU-040,73
2025-03-17,SKU-040,43
2025-03-24,SKU-040,72
2025-03-31,SKU-040,36
2025-04-07,SKU-040,53
2025-04-14,SKU-040,48
2025-04-21,SKU-040,12
2025-04-28,SKU-040,83
2025-05-05,SKU-040,48
2025-05-12,SKU-040,68
2025-05-19,SKU-040,34
2025-05-26,SKU-040,47
2025-06-02,SKU-040,31
2025-06-09,SKU-040,78
2025-06-16,SKU-040,56
2025-06-23,SKU-040,57
2025-06-30,SKU-040,77
2025-07-07,SKU-040,71
2025-07-14,SKU-040,61
2025-07-21,SKU-040,16
2025-07-28,SKU-040,29
2025-08-04,SKU-040,22
2025-08-11,SKU-040,52
2025-08-18,SKU-040,40
2025-08-25,SKU-040,13
2025-09-01,SKU-040,31
2025-09-08,SKU-040,11
2025-09-15,SKU-040,31
2025-09-22,SKU-040,8
2025-09-29,SKU-040,36
2025-10-06,SKU-040,32
2025-10-13,SKU-040,50
2025-10-20,SKU-040,36
2025-10-27,SKU-040,20
2025-11-03,SKU-040,34
2025-11-10,SKU-040,9
2025-11-17,SKU-040,14
2025-11-24,SKU-040,28
2025-12-01,SKU-040,1
2025-12-08,SKU-040,25
2025-12-15,SKU-040,14
2025-12-22,SKU-040,28
2025-12-29,SKU-040,14
2026-01-05,SKU-040,34
2026-01-12,SKU-040,30
2026-01-19,SKU-040,51
2026-01-26,SKU-040,32
2026-02-02,SKU-040,22
2026-02-09,SKU-040,31
2026-02-16,SKU-040,15
2026-02-23,SKU-040,45
2026-03-02,SKU-040,50
2026-03-09,SKU-040,87
2026-03-16,SKU-040,31
2026-03-23,SKU-040,39
2026-03-30,SKU-040,33
2026-04-06,SKU-040,51
2026-04-13,SKU-040,55
2026-04-20,SKU-040,47
2026-04-27,SKU-040,72
2026-05-04,SKU-040,35
2026-05-11,SKU-040,71
2026-05-18,SKU-040,61
2026-05-25,SKU-040,49
2026-06-01,SKU-040,42
2026-06-08,SKU-040,101
2026-06-15,SKU-040,30
2026-06-22,SKU-040,53
