sku,category,abc_xyz,best_method,wape,weekly_forecast,lead_time_weeks,service_level,safety_stock,reorder_point,eoq,on_hand_units,weeks_of_cover,action,suggested_order_qty
SKU-007,Antennas,AX,Trend + seasonal regression,0.063,125.8,2,0.98,61,313,159,246,2.0,REORDER,159
SKU-020,SIM Kits,AX,Exp. smoothing,0.142,50.7,5,0.98,89,342,119,176,3.5,REORDER,166
SKU-037,Antennas,AX,Trend + seasonal regression,0.046,94.8,8,0.98,399,1157,160,284,3.0,REORDER,873
SKU-008,Cables,AY,Moving average (4w),0.503,136.2,8,0.98,928,2018,221,1526,11.2,REORDER,492
SKU-021,Routers,AY,Trend + seasonal regression,0.332,68.8,3,0.98,115,321,117,245,3.6,REORDER,117
SKU-030,SIM Kits,AY,Trend + seasonal regression,0.126,104.0,7,0.98,327,1055,158,675,6.5,REORDER,380
SKU-038,Cables,AY,Trend + seasonal regression,0.197,70.6,5,0.98,114,466,129,212,3.0,REORDER,254
SKU-022,Antennas,AZ,Trend + seasonal regression,0.294,292.9,7,0.98,787,2837,366,707,2.4,REORDER,2130
SKU-009,Batteries,BX,Trend + seasonal regression,0.053,44.8,6,0.95,57,326,140,135,3.0,REORDER,191
SKU-002,Antennas,BY,Trend + seasonal regression,0.129,20.2,6,0.95,48,169,84,111,5.5,REORDER,84
SKU-039,Batteries,BZ,Exp. smoothing,0.414,32.2,6,0.95,70,263,81,176,5.5,REORDER,87
SKU-031,Routers,CX,Naive,0.016,5.0,3,0.9,6,21,45,17,3.4,REORDER,45
SKU-033,Cables,CX,Trend + seasonal regression,0.05,19.9,2,0.9,13,53,89,50,2.5,REORDER,89
SKU-005,SIM Kits,AX,Moving average (4w),0.124,170.5,4,0.98,262,944,199,1337,7.8,OK,0
SKU-010,SIM Kits,AX,Trend + seasonal regression,0.068,106.8,1,0.98,30,137,155,414,3.9,OK,0
SKU-011,Routers,AX,Trend + seasonal regression,0.238,64.7,1,0.98,44,109,116,995,15.4,OK,0
SKU-016,Routers,AX,Trend + seasonal regression,0.089,169.3,1,0.98,108,277,264,1104,6.5,OK,0
SKU-024,Batteries,AX,Exp. smoothing,0.133,242.1,5,0.98,478,1689,249,2664,11.0,OK,0
SKU-003,Cables,AY,Naive,0.351,52.0,5,0.98,152,412,104,607,11.7,OK,0
SKU-019,Batteries,AY,Trend + seasonal regression,0.135,122.9,3,0.98,157,526,218,553,4.5,OK,0
SKU-035,SIM Kits,AY,Trend + seasonal regression,0.26,74.6,3,0.98,126,350,164,639,8.6,OK,0
SKU-004,Batteries,BX,Trend + seasonal regression,0.147,36.3,5,0.95,76,258,111,330,9.1,OK,0
SKU-006,Routers,BX,Moving average (4w),0.148,27.5,8,0.95,80,300,78,426,15.5,OK,0
SKU-017,Antennas,BX,Seasonal naive,0.175,75.3,1,0.95,32,108,187,969,12.9,OK,0
SKU-026,Routers,BX,Trend + seasonal regression,0.072,41.7,3,0.95,28,153,112,489,11.7,OK,0
SKU-036,Routers,BX,Exp. smoothing,0.045,37.0,3,0.95,37,148,148,671,18.1,OK,0
SKU-012,Antennas,BY,Exp. smoothing,0.346,29.0,4,0.95,65,181,94,362,12.5,OK,0
SKU-013,Cables,BY,Trend + seasonal regression,0.466,36.2,5,0.95,72,254,121,359,9.9,OK,0
SKU-027,Antennas,BY,Trend + seasonal regression,0.176,37.0,6,0.95,88,310,126,826,22.4,OK,0
SKU-040,SIM Kits,BZ,Trend + seasonal regression,0.244,41.7,2,0.95,47,130,100,346,8.3,OK,0
SKU-001,Routers,CX,Trend + seasonal regression,0.052,76.0,6,0.9,96,552,261,726,9.6,OK,0
SKU-023,Cables,CX,Trend + seasonal regression,0.179,14.0,2,0.9,8,37,96,55,3.9,OK,0
SKU-025,SIM Kits,CX,Trend + seasonal regression,0.048,17.5,1,0.9,5,22,72,178,10.2,OK,0
SKU-028,Cables,CX,Naive,0.021,8.0,1,0.9,3,11,42,129,16.1,OK,0
SKU-029,Batteries,CX,Naive,0.074,29.0,1,0.9,6,35,217,189,6.5,OK,0
SKU-032,Antennas,CX,Trend + seasonal regression,0.182,14.3,3,0.9,17,60,56,114,8.0,OK,0
SKU-015,SIM Kits,CY,Trend + seasonal regression,0.175,14.3,3,0.9,17,60,95,157,10.9,OK,0
SKU-034,Batteries,CY,Trend + seasonal regression,0.4,26.0,7,0.9,78,260,179,466,17.9,OK,0
SKU-014,Batteries,CZ,Moving average (4w),0.297,45.8,6,0.9,93,368,238,665,14.5,OK,0
SKU-018,Cables,CZ,Trend + seasonal regression,0.334,39.2,1,0.9,23,62,151,520,13.3,OK,0
